CREATE USER cn IDENTIFIED BY cn;
GRANT CONNECT, DBA to cn;

create table chinhanh(
machinhanh varchar(4),
tenchinhanh varchar(40),
CONSTRAINT P_CN PRIMARY KEY (machinhanh) 
);

create table KHACHHANG (
	MAKH varchar(5),
	HOTEN varchar(50),
	DCHI varchar(50),
	SODT varchar(11),
    NGSINH DATE,
	CONSTRAINT P_KHACH PRIMARY KEY (MAKH) 
);

create table NHANVIEN(
	MANV varchar(10),
	HOTEN varchar(50),
	SODT varchar(11),
    NGVL DATE,
	machinhanh varchar(4),
    CONSTRAINT P_NV PRIMARY KEY(MANV)
);

create table SANPHAM(
    MASP varchar(10),
    TENSP varchar(50),
    DVT varchar(50),
    NUOCSX varchar(30),
    GIA int,
    CONSTRAINT P_Hang PRIMARY KEY(MASP)
);

create table HOADON(
    SOHD int ,
    NGHD DATE,
    MAKH varchar(5),
    MANV varchar(10),
	machinhanh varchar(4),
	TrangThai varchar(20),
    CONSTRAINT P_HD PRIMARY KEY(SOHD)
);

create table CTHD(
	SOHD int ,
	MASP varchar(10),
	SoLuong int,
	TRIGIA INT,
	CONSTRAINT P_CTHD PRIMARY KEY(SOHD,MASP)
);

create table KHOSANPHAM(
	machinhanh varchar(4),
    MASP varchar(10),
	Soluong int,
	TinhTrang varchar(20),
	KhuyenMai int,
	CONSTRAINT qlkho_kho PRIMARY KEY(machinhanh,MASP)
);

INSERT INTO chinhanh VALUES ('CN1','Chinhanh SG');
INSERT INTO chinhanh VALUES ('CN2','Chinhanh HN');

INSERT INTO NHANVIEN VALUES ('NV01','NGUYEN NHU NHUT','09273456781',to_date('13/04/2006','dd/mm/yyyy'),'CN1');
INSERT INTO NHANVIEN VALUES ('NV02','LE THI PHI YEN','09875673901',to_date('21/04/2006','dd/mm/yyyy'),'CN1');
INSERT INTO NHANVIEN VALUES ('NV03','NGUYEN VAN BAO','09970473821',to_date('27/04/2006','dd/mm/yyyy'),'CN1');
INSERT INTO NHANVIEN VALUES ('NV04','NGO THANH TUAN','09137584981',to_date('24/06/2006','dd/mm/yyyy'),'CN1');
INSERT INTO NHANVIEN VALUES ('NV05','NGUYEN THI TRUC THANH','09185903871',to_date('20/07/2006','dd/mm/yyyy'),'CN1');
INSERT INTO NHANVIEN VALUES ('NV06','NGUYEN VAN A','09273456782',to_date('13/04/2001','dd/mm/yyyy'),'CN1');
INSERT INTO NHANVIEN VALUES ('NV07','LE THI PHI A','09875673902',to_date('21/04/2001','dd/mm/yyyy'),'CN1');
INSERT INTO NHANVIEN VALUES ('NV08','NGUYEN THI A','09970473822',to_date('27/04/2001','dd/mm/yyyy'),'CN1');
INSERT INTO NHANVIEN VALUES ('NV09','NGO THANH A','09137584982',to_date('24/06/2001','dd/mm/yyyy'),'CN1');
INSERT INTO NHANVIEN VALUES ('NV10','NGUYEN THI TRUC A','09185903872',to_date('20/07/2001','dd/mm/yyyy'),'CN1');
INSERT INTO NHANVIEN VALUES ('NV11','NGUYEN VAN B','09273456783',to_date('13/04/2002','dd/mm/yyyy'),'CN2');
INSERT INTO NHANVIEN VALUES ('NV12','LE THI PHI B','09875673903',to_date('21/04/2002','dd/mm/yyyy'),'CN2');
INSERT INTO NHANVIEN VALUES ('NV13','NGUYEN THI B','09970473823',to_date('27/04/2002','dd/mm/yyyy'),'CN2');
INSERT INTO NHANVIEN VALUES ('NV014','NGO THANH B','09137584983',to_date('24/06/2002','dd/mm/yyyy'),'CN2');
INSERT INTO NHANVIEN VALUES ('NV15','NGUYEN THI TRUC B','09185903873',to_date('20/07/2003','dd/mm/yyyy'),'CN2');
INSERT INTO NHANVIEN VALUES ('NV16','NGUYEN VAN C','09273456784',to_date('13/04/2004','dd/mm/yyyy'),'CN2');
INSERT INTO NHANVIEN VALUES ('NV17','LE THI PHI C','09875673904',to_date('21/04/2004','dd/mm/yyyy'),'CN2');
INSERT INTO NHANVIEN VALUES ('NV18','NGUYEN THI C','09970473824',to_date('27/04/2004','dd/mm/yyyy'),'CN2');
INSERT INTO NHANVIEN VALUES ('NV19','NGO THANH C','09137584984',to_date('24/06/2004','dd/mm/yyyy'),'CN2');
INSERT INTO NHANVIEN VALUES ('NV20','NGUYEN THI TRUC C','09185903874',to_date('20/07/2004','dd/mm/yyyy'),'CN2');

INSERT INTO KHACHHANG VALUES ('KH01','NGUYEN VAN A','TPHCM','08823451',to_date('22/10/1960','dd/mm/yyyy'));
INSERT INTO KHACHHANG VALUES ('KH02','TRAN NGOC HAN','HN','0908256478',to_date('03/04/1974','dd/mm/yyyy'));
INSERT INTO KHACHHANG VALUES ('KH03','TRAN NGOC LINH','HN','0938776266',to_date('10/06/1980','dd/mm/yyyy'));
INSERT INTO KHACHHANG VALUES ('KH04','TRAN MINH LONG','TPHCM','0917325476',to_date('09/03/1965','dd/mm/yyyy'));
INSERT INTO KHACHHANG VALUES ('KH05','LE NHAT MINH','DN','08246108',to_date('10/03/1950','dd/mm/yyyy'));
INSERT INTO KHACHHANG VALUES ('KH06','LE HOAI THUONG','TPHCM','08631738',to_date('31/12/1981','dd/mm/yyyy'));
INSERT INTO KHACHHANG VALUES ('KH07','NGUYEN VAN TAM','VT','0916783565',to_date('06/06/1971','dd/mm/yyyy'));
INSERT INTO KHACHHANG VALUES ('KH08','PHAN THI THANH','TPHCM','0938435756',to_date('10/01/1971','dd/mm/yyyy'));
INSERT INTO KHACHHANG VALUES ('KH09','LE HA VINH','TPHCM','08654763',to_date('03/03/1979','dd/mm/yyyy'));
INSERT INTO KHACHHANG VALUES ('KH10','HA DUY LAP','DN','08768904',to_date('02/05/1983','dd/mm/yyyy'));
INSERT INTO KHACHHANG VALUES ('KH11','NGUYEN VAN C','THHCM','08823451',to_date('22/10/1960','dd/mm/yyyy'));
INSERT INTO KHACHHANG VALUES ('KH12','TRAN NGOC A','TPHCM','0908256478',to_date('03/04/1974','dd/mm/yyyy'));
INSERT INTO KHACHHANG VALUES ('KH13','TRAN NGOC A','VT','0938776266',to_date('10/06/1980','dd/mm/yyyy'));
INSERT INTO KHACHHANG VALUES ('KH14','TRAN MINH A','TPHCM','0917325476',to_date('09/03/1965','dd/mm/yyyy'));
INSERT INTO KHACHHANG VALUES ('KH15','LE NHAT A','DN','08246108',to_date('10/03/1950','dd/mm/yyyy'));
INSERT INTO KHACHHANG VALUES ('KH16','LE HOAI A','NT','08631738',to_date('31/12/1981','dd/mm/yyyy'));
INSERT INTO KHACHHANG VALUES ('KH17','NGUYEN VAN A','TPHCM','0916783565',to_date('06/06/1971','dd/mm/yyyy'));
INSERT INTO KHACHHANG VALUES ('KH18','PHAN THI A','TPHCM','0938435756',to_date('10/01/1971','dd/mm/yyyy'));
INSERT INTO KHACHHANG VALUES ('KH19','LE HA A','VT','08654763',to_date('03/03/1979','dd/mm/yyyy'));
INSERT INTO KHACHHANG VALUES ('KH20','HA DUY A','HN','08768904',to_date('02/05/1983','dd/mm/yyyy'));
INSERT INTO KHACHHANG VALUES ('KH21','TON NU VAN A','TPHCM','08823451',to_date('22/10/1960','dd/mm/yyyy'));
INSERT INTO KHACHHANG VALUES ('KH22','NGUYEN NGOC HAN','HN','0908256478',to_date('03/04/1960','dd/mm/yyyy'));
INSERT INTO KHACHHANG VALUES ('KH23','NGUYEN NGOC LINH','HN','0938776266',to_date('10/06/1960','dd/mm/yyyy'));
INSERT INTO KHACHHANG VALUES ('KH24','NGUYEN MINH LONG','TPHCM','0917325476',to_date('09/03/1965','dd/mm/yyyy'));
INSERT INTO KHACHHANG VALUES ('KH25','TRAN NHAT MINH','DN','08246108',to_date('10/03/1950','dd/mm/yyyy'));
INSERT INTO KHACHHANG VALUES ('KH26','TRAN HOAI THUONG','TPHCM','08631738',to_date('31/12/1981','dd/mm/yyyy'));
INSERT INTO KHACHHANG VALUES ('KH27','TON NU VAN TAM','VT','0916783565',to_date('06/06/1971','dd/mm/yyyy'));
INSERT INTO KHACHHANG VALUES ('KH28','PHAN THI THANH','TPHCM','0938435756',to_date('10/01/1971','dd/mm/yyyy'));
INSERT INTO KHACHHANG VALUES ('KH29','TRAN HA VINH','TPHCM','08654763',to_date('03/03/1979','dd/mm/yyyy'));
INSERT INTO KHACHHANG VALUES ('KH30','HA DUY LAP','DN','08768904',to_date('02/05/1983','dd/mm/yyyy'));
INSERT INTO KHACHHANG VALUES ('KH31','TON NU VAN C','THHCM','08823451',to_date('22/10/1960','dd/mm/yyyy'));
INSERT INTO KHACHHANG VALUES ('KH32','NGUYEN NGOC A','TPHCM','0908256478',to_date('03/04/1960','dd/mm/yyyy'));
INSERT INTO KHACHHANG VALUES ('KH33','NGUYEN NGOC A','VT','0938776266',to_date('10/06/1960','dd/mm/yyyy'));
INSERT INTO KHACHHANG VALUES ('KH34','NGUYEN MINH A','TPHCM','0917325476',to_date('09/03/1965','dd/mm/yyyy'));
INSERT INTO KHACHHANG VALUES ('KH35','TRAN NHAT A','DN','08246108',to_date('10/03/1950','dd/mm/yyyy'));
INSERT INTO KHACHHANG VALUES ('KH36','TRAN HOAI A','NT','08631738',to_date('31/12/1981','dd/mm/yyyy'));
INSERT INTO KHACHHANG VALUES ('KH37','TON NU VAN A','TPHCM','0916783565',to_date('06/06/1971','dd/mm/yyyy'));
INSERT INTO KHACHHANG VALUES ('KH38','PHAN THI A','TPHCM','0938435756',to_date('10/01/1971','dd/mm/yyyy'));
INSERT INTO KHACHHANG VALUES ('KH39','TRAN HA A','VT','08654763',to_date('03/03/1979','dd/mm/yyyy'));
INSERT INTO KHACHHANG VALUES ('KH40','TON NU VAN A','TPHCM','08823451',to_date('22/10/1960','dd/mm/yyyy'));
INSERT INTO KHACHHANG VALUES ('KH41','TON NU VAN A','TPHCM','08823451',to_date('22/10/1960','dd/mm/yyyy'));
INSERT INTO KHACHHANG VALUES ('KH42','NGUYEN NGOC HAN','HN','0908256478',to_date('03/04/1960','dd/mm/yyyy'));
INSERT INTO KHACHHANG VALUES ('KH43','NGUYEN NGOC LINH','HN','0938776266',to_date('10/06/1960','dd/mm/yyyy'));
INSERT INTO KHACHHANG VALUES ('KH44','NGUYEN MINH LONG','TPHCM','0917325476',to_date('09/03/1965','dd/mm/yyyy'));
INSERT INTO KHACHHANG VALUES ('KH45','TRAN NHAT MINH','DN','08246108',to_date('10/03/1950','dd/mm/yyyy'));
INSERT INTO KHACHHANG VALUES ('KH46','TRAN HOAI THUONG','TPHCM','08631738',to_date('31/12/1981','dd/mm/yyyy'));
INSERT INTO KHACHHANG VALUES ('KH47','TON NU VAN TAM','VT','0916783565',to_date('06/06/1971','dd/mm/yyyy'));
INSERT INTO KHACHHANG VALUES ('KH48','PHAN THI THANH','TPHCM','0938435756',to_date('10/01/1971','dd/mm/yyyy'));
INSERT INTO KHACHHANG VALUES ('KH49','TRAN HA VINH','TPHCM','08654763',to_date('03/03/1979','dd/mm/yyyy'));
INSERT INTO KHACHHANG VALUES ('KH50','HA DUY LAP','DN','08768904',to_date('02/05/1983','dd/mm/yyyy'));
INSERT INTO KHACHHANG VALUES ('KH51','TON NU VAN C','THHCM','08823451',to_date('22/10/1960','dd/mm/yyyy'));
INSERT INTO KHACHHANG VALUES ('KH52','NGUYEN NGOC A','TPHCM','0908256478',to_date('03/04/1960','dd/mm/yyyy'));
INSERT INTO KHACHHANG VALUES ('KH53','NGUYEN NGOC A','VT','0938776266',to_date('10/06/1960','dd/mm/yyyy'));
INSERT INTO KHACHHANG VALUES ('KH54','NGUYEN MINH A','TPHCM','0917325476',to_date('09/03/1965','dd/mm/yyyy'));
INSERT INTO KHACHHANG VALUES ('KH55','TRAN NHAT A','DN','08246108',to_date('10/03/1950','dd/mm/yyyy'));
INSERT INTO KHACHHANG VALUES ('KH56','TRAN HOAI A','NT','08631738',to_date('31/12/1981','dd/mm/yyyy'));
INSERT INTO KHACHHANG VALUES ('KH57','TON NU VAN A','TPHCM','0916783565',to_date('06/06/1971','dd/mm/yyyy'));
INSERT INTO KHACHHANG VALUES ('KH58','PHAN THI A','TPHCM','0938435756',to_date('10/01/1971','dd/mm/yyyy'));
INSERT INTO KHACHHANG VALUES ('KH59','TRAN HA A','VT','08654763',to_date('03/03/1979','dd/mm/yyyy'));
INSERT INTO KHACHHANG VALUES ('KH60','TON NU VAN A','TPHCM','08823451',to_date('22/10/1960','dd/mm/yyyy'));
INSERT INTO KHACHHANG VALUES ('KH61','TON NU VAN A','TPHCM','08823451',to_date('22/10/1960','dd/mm/yyyy'));
INSERT INTO KHACHHANG VALUES ('KH62','NGUYEN NGOC HAN','HN','0908256478',to_date('03/04/1960','dd/mm/yyyy'));
INSERT INTO KHACHHANG VALUES ('KH63','NGUYEN NGOC LINH','HN','0938776266',to_date('10/06/1960','dd/mm/yyyy'));
INSERT INTO KHACHHANG VALUES ('KH64','NGUYEN MINH LONG','TPHCM','0917325476',to_date('09/03/1965','dd/mm/yyyy'));
INSERT INTO KHACHHANG VALUES ('KH65','TRAN NHAT MINH','DN','08246108',to_date('10/03/1950','dd/mm/yyyy'));
INSERT INTO KHACHHANG VALUES ('KH66','TRAN HOAI THUONG','TPHCM','08631738',to_date('31/12/1981','dd/mm/yyyy'));
INSERT INTO KHACHHANG VALUES ('KH67','TON NU VAN TAM','VT','0916783565',to_date('06/06/1971','dd/mm/yyyy'));
INSERT INTO KHACHHANG VALUES ('KH68','PHAN THI THANH','TPHCM','0938435756',to_date('10/01/1971','dd/mm/yyyy'));
INSERT INTO KHACHHANG VALUES ('KH69','TRAN HA VINH','TPHCM','08654763',to_date('03/03/1979','dd/mm/yyyy'));
INSERT INTO KHACHHANG VALUES ('KH70','HA DUY LAP','DN','08768904',to_date('02/05/1983','dd/mm/yyyy'));
INSERT INTO KHACHHANG VALUES ('KH71','TON NU VAN C','THHCM','08823451',to_date('22/10/1960','dd/mm/yyyy'));
INSERT INTO KHACHHANG VALUES ('KH72','NGUYEN NGOC A','TPHCM','0908256478',to_date('03/04/1960','dd/mm/yyyy'));
INSERT INTO KHACHHANG VALUES ('KH73','NGUYEN NGOC A','VT','0938776266',to_date('10/06/1960','dd/mm/yyyy'));
INSERT INTO KHACHHANG VALUES ('KH74','NGUYEN MINH A','TPHCM','0917325476',to_date('09/03/1965','dd/mm/yyyy'));
INSERT INTO KHACHHANG VALUES ('KH75','TRAN NHAT A','DN','08246108',to_date('10/03/1950','dd/mm/yyyy'));
INSERT INTO KHACHHANG VALUES ('KH76','TRAN HOAI A','NT','08631738',to_date('31/12/1981','dd/mm/yyyy'));
INSERT INTO KHACHHANG VALUES ('KH77','TON NU VAN A','TPHCM','0916783565',to_date('06/06/1971','dd/mm/yyyy'));
INSERT INTO KHACHHANG VALUES ('KH78','PHAN THI A','TPHCM','0938435756',to_date('10/01/1971','dd/mm/yyyy'));
INSERT INTO KHACHHANG VALUES ('KH79','TRAN HA A','VT','08654763',to_date('03/03/1979','dd/mm/yyyy'));
INSERT INTO KHACHHANG VALUES ('KH80','TON NU VAN A','TPHCM','08823451',to_date('22/10/1960','dd/mm/yyyy'));
INSERT INTO KHACHHANG VALUES ('KH81','TON NU VAN A','TPHCM','08823451',to_date('22/10/1960','dd/mm/yyyy'));
INSERT INTO KHACHHANG VALUES ('KH82','NGUYEN NGOC HAN','HN','0908256478',to_date('03/04/1960','dd/mm/yyyy'));
INSERT INTO KHACHHANG VALUES ('KH83','NGUYEN NGOC LINH','HN','0938776266',to_date('10/06/1960','dd/mm/yyyy'));
INSERT INTO KHACHHANG VALUES ('KH84','NGUYEN MINH LONG','TPHCM','0917325476',to_date('09/03/1965','dd/mm/yyyy'));
INSERT INTO KHACHHANG VALUES ('KH85','TRAN NHAT MINH','DN','08246108',to_date('10/03/1950','dd/mm/yyyy'));
INSERT INTO KHACHHANG VALUES ('KH86','TRAN HOAI THUONG','TPHCM','08631738',to_date('31/12/1981','dd/mm/yyyy'));
INSERT INTO KHACHHANG VALUES ('KH87','TON NU VAN TAM','VT','0916783565',to_date('06/06/1971','dd/mm/yyyy'));
INSERT INTO KHACHHANG VALUES ('KH88','PHAN THI THANH','TPHCM','0938435756',to_date('10/01/1971','dd/mm/yyyy'));
INSERT INTO KHACHHANG VALUES ('KH89','TRAN HA VINH','TPHCM','08654763',to_date('03/03/1979','dd/mm/yyyy'));
INSERT INTO KHACHHANG VALUES ('KH90','HA DUY LAP','DN','08768904',to_date('02/05/1983','dd/mm/yyyy'));
INSERT INTO KHACHHANG VALUES ('KH91','TON NU VAN C','THHCM','08823451',to_date('22/10/1960','dd/mm/yyyy'));
INSERT INTO KHACHHANG VALUES ('KH92','NGUYEN NGOC A','TPHCM','0908256478',to_date('03/04/1960','dd/mm/yyyy'));
INSERT INTO KHACHHANG VALUES ('KH93','NGUYEN NGOC A','VT','0938776266',to_date('10/06/1960','dd/mm/yyyy'));
INSERT INTO KHACHHANG VALUES ('KH94','NGUYEN MINH A','TPHCM','0917325476',to_date('09/03/1965','dd/mm/yyyy'));
INSERT INTO KHACHHANG VALUES ('KH95','TRAN NHAT A','DN','08246108',to_date('10/03/1950','dd/mm/yyyy'));
INSERT INTO KHACHHANG VALUES ('KH96','TRAN HOAI A','NT','08631738',to_date('31/12/1981','dd/mm/yyyy'));
INSERT INTO KHACHHANG VALUES ('KH97','TON NU VAN A','TPHCM','0916783565',to_date('06/06/1971','dd/mm/yyyy'));
INSERT INTO KHACHHANG VALUES ('KH98','PHAN THI A','TPHCM','0938435756',to_date('10/01/1971','dd/mm/yyyy'));
INSERT INTO KHACHHANG VALUES ('KH99','TRAN HA A','VT','08654763',to_date('03/03/1979','dd/mm/yyyy'));

INSERT INTO SANPHAM VALUES ('BC01','BUT CHI','CAY','SINGAPORE',3000);
INSERT INTO SANPHAM VALUES ('BC02','BUT CHI','CAY','SINGAPORE',5000);
INSERT INTO SANPHAM VALUES ('BC03','BUT CHI','CAY','TRUNGQUOC',3500);
INSERT INTO SANPHAM VALUES ('BC04','BUT CHI','CAY','VIETNAM',30000);
INSERT INTO SANPHAM VALUES ('BC05','BUT CHI','CAY','SINGAPORE',3000);
INSERT INTO SANPHAM VALUES ('BC06','BUT CHI','CAY','SINGAPORE',5000);
INSERT INTO SANPHAM VALUES ('BC07','BUT CHI','CAY','VIETNAM',3500);
INSERT INTO SANPHAM VALUES ('BC08','BUT CHI','CAY','VIETNAM',30000);
INSERT INTO SANPHAM VALUES ('BC09','BUT CHI','CAY','VIETNAM',30000);
INSERT INTO SANPHAM VALUES ('BC10','BUT CHI','CAY','SINGAPORE',3000);
INSERT INTO SANPHAM VALUES ('BC11','BUT CHI','CAY','SINGAPORE',3000);
INSERT INTO SANPHAM VALUES ('BC12','BUT CHI','CAY','SINGAPORE',5000);
INSERT INTO SANPHAM VALUES ('BC13','BUT CHI','CAY','TRUNGQUOC',3500);
INSERT INTO SANPHAM VALUES ('BC14','BUT CHI','CAY','VIETNAM',30000);
INSERT INTO SANPHAM VALUES ('BC15','BUT CHI','CAY','SINGAPORE',3000);
INSERT INTO SANPHAM VALUES ('BC16','BUT CHI','CAY','SINGAPORE',5000);
INSERT INTO SANPHAM VALUES ('BC17','BUT CHI','CAY','VIETNAM',3500);
INSERT INTO SANPHAM VALUES ('BC18','BUT CHI','CAY','VIETNAM',30000);
INSERT INTO SANPHAM VALUES ('BC19','BUT CHI','CAY','VIETNAM',30000);
INSERT INTO SANPHAM VALUES ('BC20','BUT CHI','CAY','SINGAPORE',3000);
INSERT INTO SANPHAM VALUES ('BC21','BUT CHI','CAY','SINGAPORE',3000);
INSERT INTO SANPHAM VALUES ('BC22','BUT CHI','CAY','SINGAPORE',5000);
INSERT INTO SANPHAM VALUES ('BC23','BUT CHI','CAY','TRUNGQUOC',3500);
INSERT INTO SANPHAM VALUES ('BC24','BUT CHI','CAY','VIETNAM',30000);
INSERT INTO SANPHAM VALUES ('BC25','BUT CHI','CAY','SINGAPORE',3000);
INSERT INTO SANPHAM VALUES ('BC26','BUT CHI','CAY','SINGAPORE',5000);
INSERT INTO SANPHAM VALUES ('BC27','BUT CHI','CAY','VIETNAM',3500);
INSERT INTO SANPHAM VALUES ('BC28','BUT CHI','CAY','VIETNAM',30000);
INSERT INTO SANPHAM VALUES ('BC29','BUT CHI','CAY','VIETNAM',30000);
INSERT INTO SANPHAM VALUES ('BC30','BUT CHI','CAY','SINGAPORE',3000);
INSERT INTO SANPHAM VALUES ('BC31','BUT CHI','CAY','SINGAPORE',3000);
INSERT INTO SANPHAM VALUES ('BC32','BUT CHI','CAY','SINGAPORE',5000);
INSERT INTO SANPHAM VALUES ('BC33','BUT CHI','CAY','TRUNGQUOC',3500);
INSERT INTO SANPHAM VALUES ('BC34','BUT CHI','CAY','VIETNAM',30000);
INSERT INTO SANPHAM VALUES ('BC35','BUT CHI','CAY','SINGAPORE',3000);
INSERT INTO SANPHAM VALUES ('BC36','BUT CHI','CAY','SINGAPORE',5000);
INSERT INTO SANPHAM VALUES ('BC37','BUT CHI','CAY','VIETNAM',3500);
INSERT INTO SANPHAM VALUES ('BC38','BUT CHI','CAY','VIETNAM',30000);
INSERT INTO SANPHAM VALUES ('BC39','BUT CHI','CAY','VIETNAM',30000);
INSERT INTO SANPHAM VALUES ('BC40','BUT CHI','CAY','SINGAPORE',3000);
INSERT INTO SANPHAM VALUES ('BC41','BUT CHI','CAY','SINGAPORE',3000);
INSERT INTO SANPHAM VALUES ('BC42','BUT CHI','CAY','SINGAPORE',5000);
INSERT INTO SANPHAM VALUES ('BC43','BUT CHI','CAY','TRUNGQUOC',3500);
INSERT INTO SANPHAM VALUES ('BC44','BUT CHI','CAY','VIETNAM',30000);
INSERT INTO SANPHAM VALUES ('BC45','BUT CHI','CAY','SINGAPORE',3000);
INSERT INTO SANPHAM VALUES ('BC46','BUT CHI','CAY','SINGAPORE',5000);
INSERT INTO SANPHAM VALUES ('BC47','BUT CHI','CAY','VIETNAM',3500);
INSERT INTO SANPHAM VALUES ('BC48','BUT CHI','CAY','VIETNAM',30000);
INSERT INTO SANPHAM VALUES ('BC49','BUT CHI','CAY','VIETNAM',30000);
INSERT INTO SANPHAM VALUES ('BC50','BUT CHI','CAY','SINGAPORE',3000);

INSERT INTO SANPHAM VALUES ('BB01','BUT BI','CAY','SINGAPORE',3000);
INSERT INTO SANPHAM VALUES ('BB02','BUT BI','CAY','TRUNGQUOC',5000);
INSERT INTO SANPHAM VALUES ('BB03','BUT BI','CAY','VIETNAM',3500);
INSERT INTO SANPHAM VALUES ('BB04','BUT BI','CAY','VIETNAM',30000);
INSERT INTO SANPHAM VALUES ('BB05','BUT BI','CAY','SINGAPORE',3000);
INSERT INTO SANPHAM VALUES ('BB06','BUT BI','CAY','SINGAPORE',5000);
INSERT INTO SANPHAM VALUES ('BB07','BUT BI','CAY','VIETNAM',3500);
INSERT INTO SANPHAM VALUES ('BB08','BUT BI','CAY','VIETNAM',30000);
INSERT INTO SANPHAM VALUES ('BB09','BUT BI','CAY','VIETNAM',30000);
INSERT INTO SANPHAM VALUES ('BB10','BUT BI','CAY','SINGAPORE',3000);
INSERT INTO SANPHAM VALUES ('BB11','BUT BI','CAY','SINGAPORE',3000);
INSERT INTO SANPHAM VALUES ('BB12','BUT BI','CAY','TRUNGQUOC',5000);
INSERT INTO SANPHAM VALUES ('BB13','BUT BI','CAY','VIETNAM',3500);
INSERT INTO SANPHAM VALUES ('BB14','BUT BI','CAY','VIETNAM',30000);
INSERT INTO SANPHAM VALUES ('BB15','BUT BI','CAY','SINGAPORE',3000);
INSERT INTO SANPHAM VALUES ('BB16','BUT BI','CAY','SINGAPORE',5000);
INSERT INTO SANPHAM VALUES ('BB17','BUT BI','CAY','VIETNAM',3500);
INSERT INTO SANPHAM VALUES ('BB18','BUT BI','CAY','VIETNAM',30000);
INSERT INTO SANPHAM VALUES ('BB19','BUT BI','CAY','VIETNAM',30000);
INSERT INTO SANPHAM VALUES ('BB20','BUT BI','CAY','SINGAPORE',3000);
INSERT INTO SANPHAM VALUES ('BB21','BUT BI','CAY','SINGAPORE',3000);
INSERT INTO SANPHAM VALUES ('BB22','BUT BI','CAY','TRUNGQUOC',5000);
INSERT INTO SANPHAM VALUES ('BB23','BUT BI','CAY','VIETNAM',3500);
INSERT INTO SANPHAM VALUES ('BB24','BUT BI','CAY','VIETNAM',30000);
INSERT INTO SANPHAM VALUES ('BB25','BUT BI','CAY','SINGAPORE',3000);
INSERT INTO SANPHAM VALUES ('BB26','BUT BI','CAY','SINGAPORE',5000);
INSERT INTO SANPHAM VALUES ('BB27','BUT BI','CAY','VIETNAM',3500);
INSERT INTO SANPHAM VALUES ('BB28','BUT BI','CAY','VIETNAM',30000);
INSERT INTO SANPHAM VALUES ('BB29','BUT BI','CAY','VIETNAM',30000);
INSERT INTO SANPHAM VALUES ('BB30','BUT BI','CAY','SINGAPORE',3000);
INSERT INTO SANPHAM VALUES ('BB31','BUT BI','CAY','SINGAPORE',3000);
INSERT INTO SANPHAM VALUES ('BB32','BUT BI','CAY','TRUNGQUOC',5000);
INSERT INTO SANPHAM VALUES ('BB33','BUT BI','CAY','VIETNAM',3500);
INSERT INTO SANPHAM VALUES ('BB34','BUT BI','CAY','VIETNAM',30000);
INSERT INTO SANPHAM VALUES ('BB35','BUT BI','CAY','SINGAPORE',3000);
INSERT INTO SANPHAM VALUES ('BB36','BUT BI','CAY','SINGAPORE',5000);
INSERT INTO SANPHAM VALUES ('BB37','BUT BI','CAY','VIETNAM',3500);
INSERT INTO SANPHAM VALUES ('BB38','BUT BI','CAY','VIETNAM',30000);
INSERT INTO SANPHAM VALUES ('BB39','BUT BI','CAY','VIETNAM',30000);
INSERT INTO SANPHAM VALUES ('BB40','BUT BI','CAY','SINGAPORE',3000);
INSERT INTO SANPHAM VALUES ('BB41','BUT BI','CAY','SINGAPORE',3000);
INSERT INTO SANPHAM VALUES ('BB42','BUT BI','CAY','TRUNGQUOC',5000);
INSERT INTO SANPHAM VALUES ('BB43','BUT BI','CAY','VIETNAM',3500);
INSERT INTO SANPHAM VALUES ('BB44','BUT BI','CAY','VIETNAM',30000);
INSERT INTO SANPHAM VALUES ('BB45','BUT BI','CAY','SINGAPORE',3000);
INSERT INTO SANPHAM VALUES ('BB46','BUT BI','CAY','SINGAPORE',5000);
INSERT INTO SANPHAM VALUES ('BB47','BUT BI','CAY','VIETNAM',3500);
INSERT INTO SANPHAM VALUES ('BB48','BUT BI','CAY','VIETNAM',30000);
INSERT INTO SANPHAM VALUES ('BB49','BUT BI','CAY','VIETNAM',30000);
INSERT INTO SANPHAM VALUES ('BB50','BUT BI','CAY','SINGAPORE',3000);

INSERT INTO SANPHAM VALUES ('TV01','TAP 200 TRANG','QUYEN','SINGAPORE',3000);
INSERT INTO SANPHAM VALUES ('TV02','TAP 200 TRANG','QUYEN','SINGAPORE',5000);
INSERT INTO SANPHAM VALUES ('TV03','TAP 200 TRANG','QUYEN','VIETNAM',3500);
INSERT INTO SANPHAM VALUES ('TV04','TAP 200 TRANG','QUYEN','VIETNAM',30000);
INSERT INTO SANPHAM VALUES ('TV05','TAP 200 TRANG','QUYEN','TRUNGQUOC',3000);
INSERT INTO SANPHAM VALUES ('TV06','TAP 200 TRANG','QUYEN','SINGAPORE',5000);
INSERT INTO SANPHAM VALUES ('TV07','TAP 200 TRANG','QUYEN','VIETNAM',3500);
INSERT INTO SANPHAM VALUES ('TV08','TAP 200 TRANG','QUYEN','VIETNAM',30000);
INSERT INTO SANPHAM VALUES ('TV09','TAP 200 TRANG','QUYEN','VIETNAM',30000);
INSERT INTO SANPHAM VALUES ('TV10','TAP 200 TRANG','QUYEN','TRUNGQUOC',3000);
INSERT INTO SANPHAM VALUES ('TV11','TAP 200 TRANG','QUYEN','TRUNGQUOC',3000);
INSERT INTO SANPHAM VALUES ('TV12','TAP 200 TRANG','QUYEN','SINGAPORE',5000);
INSERT INTO SANPHAM VALUES ('TV13','TAP 200 TRANG','QUYEN','VIETNAM',3500);
INSERT INTO SANPHAM VALUES ('TV14','TAP 200 TRANG','QUYEN','VIETNAM',30000);
INSERT INTO SANPHAM VALUES ('TV15','TAP 200 TRANG','QUYEN','TRUNGQUOC',3000);
INSERT INTO SANPHAM VALUES ('TV16','TAP 200 TRANG','QUYEN','SINGAPORE',5000);
INSERT INTO SANPHAM VALUES ('TV17','TAP 200 TRANG','QUYEN','VIETNAM',3500);
INSERT INTO SANPHAM VALUES ('TV18','TAP 200 TRANG','QUYEN','VIETNAM',30000);
INSERT INTO SANPHAM VALUES ('TV19','TAP 200 TRANG','QUYEN','VIETNAM',30000);
INSERT INTO SANPHAM VALUES ('TV20','TAP 200 TRANG','QUYEN','SINGAPORE',3000);
INSERT INTO SANPHAM VALUES ('TV21','TAP 200 TRANG','QUYEN','SINGAPORE',3000);
INSERT INTO SANPHAM VALUES ('TV22','TAP 200 TRANG','QUYEN','SINGAPORE',5000);
INSERT INTO SANPHAM VALUES ('TV23','TAP 200 TRANG','QUYEN','VIETNAM',3500);
INSERT INTO SANPHAM VALUES ('TV24','TAP 200 TRANG','QUYEN','VIETNAM',30000);
INSERT INTO SANPHAM VALUES ('TV25','TAP 200 TRANG','QUYEN','TRUNGQUOC',3000);
INSERT INTO SANPHAM VALUES ('TV26','TAP 200 TRANG','QUYEN','SINGAPORE',5000);
INSERT INTO SANPHAM VALUES ('TV27','TAP 200 TRANG','QUYEN','VIETNAM',3500);
INSERT INTO SANPHAM VALUES ('TV28','TAP 200 TRANG','QUYEN','VIETNAM',30000);
INSERT INTO SANPHAM VALUES ('TV29','TAP 200 TRANG','QUYEN','VIETNAM',30000);
INSERT INTO SANPHAM VALUES ('TV30','TAP 200 TRANG','QUYEN','SINGAPORE',3000);
INSERT INTO SANPHAM VALUES ('TV31','TAP 200 TRANG','QUYEN','SINGAPORE',3000);
INSERT INTO SANPHAM VALUES ('TV32','TAP 200 TRANG','QUYEN','SINGAPORE',5000);
INSERT INTO SANPHAM VALUES ('TV33','TAP 200 TRANG','QUYEN','VIETNAM',3500);
INSERT INTO SANPHAM VALUES ('TV34','TAP 200 TRANG','QUYEN','VIETNAM',30000);
INSERT INTO SANPHAM VALUES ('TV35','TAP 200 TRANG','QUYEN','TRUNGQUOC',3000);
INSERT INTO SANPHAM VALUES ('TV36','TAP 200 TRANG','QUYEN','SINGAPORE',5000);
INSERT INTO SANPHAM VALUES ('TV37','TAP 200 TRANG','QUYEN','VIETNAM',3500);
INSERT INTO SANPHAM VALUES ('TV38','TAP 200 TRANG','QUYEN','VIETNAM',30000);
INSERT INTO SANPHAM VALUES ('TV39','TAP 200 TRANG','QUYEN','VIETNAM',30000);
INSERT INTO SANPHAM VALUES ('TV40','TAP 200 TRANG','QUYEN','SINGAPORE',3000);
INSERT INTO SANPHAM VALUES ('TV41','TAP 200 TRANG','QUYEN','SINGAPORE',3000);
INSERT INTO SANPHAM VALUES ('TV42','TAP 200 TRANG','QUYEN','SINGAPORE',5000);
INSERT INTO SANPHAM VALUES ('TV43','TAP 200 TRANG','QUYEN','VIETNAM',3500);
INSERT INTO SANPHAM VALUES ('TV44','TAP 200 TRANG','QUYEN','VIETNAM',30000);
INSERT INTO SANPHAM VALUES ('TV45','TAP 200 TRANG','QUYEN','TRUNGQUOC',3000);
INSERT INTO SANPHAM VALUES ('TV46','TAP 200 TRANG','QUYEN','SINGAPORE',5000);
INSERT INTO SANPHAM VALUES ('TV47','TAP 200 TRANG','QUYEN','VIETNAM',3500);
INSERT INTO SANPHAM VALUES ('TV48','TAP 200 TRANG','QUYEN','VIETNAM',30000);
INSERT INTO SANPHAM VALUES ('TV49','TAP 200 TRANG','QUYEN','VIETNAM',30000);
INSERT INTO SANPHAM VALUES ('TV50','TAP 200 TRANG','QUYEN','SINGAPORE',3000);

INSERT INTO SANPHAM VALUES ('ST01','SO TAY','QUYEN','SINGAPORE',3000);
INSERT INTO SANPHAM VALUES ('ST02','SO TAY','QUYEN','SINGAPORE',5000);
INSERT INTO SANPHAM VALUES ('ST03','SO TAY','QUYEN','VIETNAM',3500);
INSERT INTO SANPHAM VALUES ('ST04','SO TAY','QUYEN','VIETNAM',30000);
INSERT INTO SANPHAM VALUES ('ST05','SO TAY','QUYEN','TRUNGQUOC',3000);
INSERT INTO SANPHAM VALUES ('ST06','SO TAY','QUYEN','SINGAPORE',5000);
INSERT INTO SANPHAM VALUES ('ST07','SO TAY','QUYEN','VIETNAM',3500);
INSERT INTO SANPHAM VALUES ('ST08','SO TAY','QUYEN','VIETNAM',30000);
INSERT INTO SANPHAM VALUES ('ST09','SO TAY','QUYEN','VIETNAM',30000);
INSERT INTO SANPHAM VALUES ('ST10','SO TAY','QUYEN','TRUNGQUOC',3000);
INSERT INTO SANPHAM VALUES ('ST11','SO TAY','QUYEN','TRUNGQUOC',3000);
INSERT INTO SANPHAM VALUES ('ST12','SO TAY','QUYEN','SINGAPORE',5000);
INSERT INTO SANPHAM VALUES ('ST13','SO TAY','QUYEN','VIETNAM',3500);
INSERT INTO SANPHAM VALUES ('ST14','SO TAY','QUYEN','VIETNAM',30000);
INSERT INTO SANPHAM VALUES ('ST15','SO TAY','QUYEN','TRUNGQUOC',3000);
INSERT INTO SANPHAM VALUES ('ST16','SO TAY','QUYEN','SINGAPORE',5000);
INSERT INTO SANPHAM VALUES ('ST17','SO TAY','QUYEN','VIETNAM',3500);
INSERT INTO SANPHAM VALUES ('ST18','SO TAY','QUYEN','VIETNAM',30000);
INSERT INTO SANPHAM VALUES ('ST19','SO TAY','QUYEN','VIETNAM',30000);
INSERT INTO SANPHAM VALUES ('ST20','SO TAY','QUYEN','SINGAPORE',3000);
INSERT INTO SANPHAM VALUES ('ST21','SO TAY','QUYEN','SINGAPORE',3000);
INSERT INTO SANPHAM VALUES ('ST22','SO TAY','QUYEN','SINGAPORE',5000);
INSERT INTO SANPHAM VALUES ('ST23','SO TAY','QUYEN','VIETNAM',3500);
INSERT INTO SANPHAM VALUES ('ST24','SO TAY','QUYEN','VIETNAM',30000);
INSERT INTO SANPHAM VALUES ('ST25','SO TAY','QUYEN','TRUNGQUOC',3000);
INSERT INTO SANPHAM VALUES ('ST26','SO TAY','QUYEN','SINGAPORE',5000);
INSERT INTO SANPHAM VALUES ('ST27','SO TAY','QUYEN','VIETNAM',3500);
INSERT INTO SANPHAM VALUES ('ST28','SO TAY','QUYEN','VIETNAM',30000);
INSERT INTO SANPHAM VALUES ('ST29','SO TAY','QUYEN','VIETNAM',30000);
INSERT INTO SANPHAM VALUES ('ST30','SO TAY','QUYEN','SINGAPORE',3000);
INSERT INTO SANPHAM VALUES ('ST31','SO TAY','QUYEN','SINGAPORE',3000);
INSERT INTO SANPHAM VALUES ('ST32','SO TAY','QUYEN','SINGAPORE',5000);
INSERT INTO SANPHAM VALUES ('ST33','SO TAY','QUYEN','VIETNAM',3500);
INSERT INTO SANPHAM VALUES ('ST34','SO TAY','QUYEN','VIETNAM',30000);
INSERT INTO SANPHAM VALUES ('ST35','SO TAY','QUYEN','TRUNGQUOC',3000);
INSERT INTO SANPHAM VALUES ('ST36','SO TAY','QUYEN','SINGAPORE',5000);
INSERT INTO SANPHAM VALUES ('ST37','SO TAY','QUYEN','VIETNAM',3500);
INSERT INTO SANPHAM VALUES ('ST38','SO TAY','QUYEN','VIETNAM',30000);
INSERT INTO SANPHAM VALUES ('ST39','SO TAY','QUYEN','VIETNAM',30000);
INSERT INTO SANPHAM VALUES ('ST40','SO TAY','QUYEN','SINGAPORE',3000);
INSERT INTO SANPHAM VALUES ('ST41','SO TAY','QUYEN','SINGAPORE',3000);
INSERT INTO SANPHAM VALUES ('ST42','SO TAY','QUYEN','SINGAPORE',5000);
INSERT INTO SANPHAM VALUES ('ST43','SO TAY','QUYEN','VIETNAM',3500);
INSERT INTO SANPHAM VALUES ('ST44','SO TAY','QUYEN','VIETNAM',30000);
INSERT INTO SANPHAM VALUES ('ST45','SO TAY','QUYEN','TRUNGQUOC',3000);
INSERT INTO SANPHAM VALUES ('ST46','SO TAY','QUYEN','SINGAPORE',5000);
INSERT INTO SANPHAM VALUES ('ST47','SO TAY','QUYEN','VIETNAM',3500);
INSERT INTO SANPHAM VALUES ('ST48','SO TAY','QUYEN','VIETNAM',30000);
INSERT INTO SANPHAM VALUES ('ST49','SO TAY','QUYEN','VIETNAM',30000);
INSERT INTO SANPHAM VALUES ('ST50','SO TAY','QUYEN','SINGAPORE',3000);

INSERT INTO HOADON VALUES (1001,to_date('27/07/2020','dd/mm/yyyy'),'KH10','NV01','CN1','Da Thanh Toan');
INSERT INTO HOADON VALUES (1002,to_date('10/08/2020','dd/mm/yyyy'),'KH01','NV02','CN1','Chua Thanh Toan');
INSERT INTO HOADON VALUES (1003,to_date('23/08/2020','dd/mm/yyyy'),'KH02','NV06','CN1','Da Thanh Toan');
INSERT INTO HOADON VALUES (1004,to_date('01/09/2020','dd/mm/yyyy'),'KH12','NV01','CN1','Chua Thanh Toan');
INSERT INTO HOADON VALUES (1005,to_date('20/10/2020','dd/mm/yyyy'),'KH11','NV02','CN1','Da Thanh Toan');
INSERT INTO HOADON VALUES (1006,to_date('16/10/2020','dd/mm/yyyy'),'KH11','NV03','CN1','Da Thanh Toan');
INSERT INTO HOADON VALUES (1007,to_date('28/10/2021','dd/mm/yyyy'),'KH03','NV03','CN1','Chua Thanh Toan');
INSERT INTO HOADON VALUES (1008,to_date('28/10/2021','dd/mm/yyyy'),'KH01','NV07','CN1','Huy');
INSERT INTO HOADON VALUES (1009,to_date('28/10/2021','dd/mm/yyyy'),'KH03','NV04','CN1','Chua Thanh Toan');
INSERT INTO HOADON VALUES (1010,to_date('27/07/2020','dd/mm/yyyy'),'KH40','NV01','CN1','Da Thanh Toan');
INSERT INTO HOADON VALUES (1011,to_date('27/07/2020','dd/mm/yyyy'),'KH40','NV01','CN1','Da Thanh Toan');
INSERT INTO HOADON VALUES (1012,to_date('10/08/2020','dd/mm/yyyy'),'KH11','NV02','CN1','Chua Thanh Toan');
INSERT INTO HOADON VALUES (1013,to_date('23/08/2020','dd/mm/yyyy'),'KH12','NV06','CN1','Da Thanh Toan');
INSERT INTO HOADON VALUES (1014,to_date('01/09/2020','dd/mm/yyyy'),'KH42','NV01','CN1','Chua Thanh Toan');
INSERT INTO HOADON VALUES (1015,to_date('20/10/2020','dd/mm/yyyy'),'KH41','NV02','CN1','Da Thanh Toan');
INSERT INTO HOADON VALUES (1016,to_date('16/10/2020','dd/mm/yyyy'),'KH41','NV03','CN1','Da Thanh Toan');
INSERT INTO HOADON VALUES (1017,to_date('28/10/2021','dd/mm/yyyy'),'KH13','NV03','CN1','Chua Thanh Toan');
INSERT INTO HOADON VALUES (1018,to_date('28/10/2021','dd/mm/yyyy'),'KH11','NV07','CN1','Huy');
INSERT INTO HOADON VALUES (1019,to_date('28/10/2021','dd/mm/yyyy'),'KH13','NV04','CN1','Chua Thanh Toan');
INSERT INTO HOADON VALUES (1020,to_date('27/07/2020','dd/mm/yyyy'),'KH60','NV01','CN1','Da Thanh Toan');
INSERT INTO HOADON VALUES (1021,to_date('27/07/2020','dd/mm/yyyy'),'KH60','NV01','CN1','Da Thanh Toan');
INSERT INTO HOADON VALUES (1022,to_date('10/08/2020','dd/mm/yyyy'),'KH21','NV02','CN1','Chua Thanh Toan');
INSERT INTO HOADON VALUES (1023,to_date('23/08/2020','dd/mm/yyyy'),'KH22','NV06','CN1','Da Thanh Toan');
INSERT INTO HOADON VALUES (1024,to_date('01/09/2020','dd/mm/yyyy'),'KH62','NV01','CN1','Chua Thanh Toan');
INSERT INTO HOADON VALUES (1025,to_date('20/10/2020','dd/mm/yyyy'),'KH61','NV02','CN1','Da Thanh Toan');
INSERT INTO HOADON VALUES (1026,to_date('16/10/2020','dd/mm/yyyy'),'KH61','NV03','CN1','Da Thanh Toan');
INSERT INTO HOADON VALUES (1027,to_date('28/10/2021','dd/mm/yyyy'),'KH23','NV03','CN1','Chua Thanh Toan');
INSERT INTO HOADON VALUES (1028,to_date('28/10/2021','dd/mm/yyyy'),'KH21','NV07','CN1','Huy');
INSERT INTO HOADON VALUES (1029,to_date('28/10/2021','dd/mm/yyyy'),'KH23','NV04','CN1','Chua Thanh Toan');
INSERT INTO HOADON VALUES (1030,to_date('27/07/2020','dd/mm/yyyy'),'KH30','NV01','CN1','Da Thanh Toan');
INSERT INTO HOADON VALUES (1031,to_date('27/07/2020','dd/mm/yyyy'),'KH60','NV01','CN1','Da Thanh Toan');
INSERT INTO HOADON VALUES (1032,to_date('10/08/2020','dd/mm/yyyy'),'KH21','NV02','CN1','Chua Thanh Toan');
INSERT INTO HOADON VALUES (1033,to_date('23/08/2020','dd/mm/yyyy'),'KH22','NV06','CN1','Da Thanh Toan');
INSERT INTO HOADON VALUES (1034,to_date('01/09/2020','dd/mm/yyyy'),'KH62','NV01','CN1','Chua Thanh Toan');
INSERT INTO HOADON VALUES (1035,to_date('20/10/2020','dd/mm/yyyy'),'KH61','NV02','CN1','Da Thanh Toan');
INSERT INTO HOADON VALUES (1036,to_date('16/10/2020','dd/mm/yyyy'),'KH61','NV03','CN1','Da Thanh Toan');
INSERT INTO HOADON VALUES (1037,to_date('28/10/2021','dd/mm/yyyy'),'KH23','NV03','CN1','Chua Thanh Toan');
INSERT INTO HOADON VALUES (1038,to_date('28/10/2021','dd/mm/yyyy'),'KH21','NV07','CN1','Huy');
INSERT INTO HOADON VALUES (1039,to_date('28/10/2021','dd/mm/yyyy'),'KH73','NV04','CN1','Chua Thanh Toan');
INSERT INTO HOADON VALUES (1040,to_date('27/07/2020','dd/mm/yyyy'),'KH30','NV01','CN1','Da Thanh Toan');
INSERT INTO HOADON VALUES (1041,to_date('27/07/2020','dd/mm/yyyy'),'KH30','NV01','CN1','Da Thanh Toan');
INSERT INTO HOADON VALUES (1042,to_date('10/08/2020','dd/mm/yyyy'),'KH71','NV02','CN1','Chua Thanh Toan');
INSERT INTO HOADON VALUES (1043,to_date('23/08/2020','dd/mm/yyyy'),'KH72','NV06','CN1','Da Thanh Toan');
INSERT INTO HOADON VALUES (1044,to_date('01/09/2020','dd/mm/yyyy'),'KH32','NV01','CN1','Chua Thanh Toan');
INSERT INTO HOADON VALUES (1045,to_date('20/10/2020','dd/mm/yyyy'),'KH31','NV02','CN1','Da Thanh Toan');
INSERT INTO HOADON VALUES (1046,to_date('16/10/2020','dd/mm/yyyy'),'KH31','NV03','CN1','Da Thanh Toan');
INSERT INTO HOADON VALUES (1047,to_date('28/10/2021','dd/mm/yyyy'),'KH73','NV03','CN1','Chua Thanh Toan');
INSERT INTO HOADON VALUES (1048,to_date('28/10/2021','dd/mm/yyyy'),'KH71','NV07','CN1','Huy');
INSERT INTO HOADON VALUES (1049,to_date('28/10/2021','dd/mm/yyyy'),'KH73','NV04','CN1','Chua Thanh Toan');
INSERT INTO HOADON VALUES (1050,to_date('27/07/2020','dd/mm/yyyy'),'KH90','NV01','CN1','Da Thanh Toan');
INSERT INTO HOADON VALUES (1051,to_date('27/07/2020','dd/mm/yyyy'),'KH60','NV01','CN1','Da Thanh Toan');
INSERT INTO HOADON VALUES (1052,to_date('10/08/2020','dd/mm/yyyy'),'KH51','NV02','CN1','Chua Thanh Toan');
INSERT INTO HOADON VALUES (1053,to_date('23/08/2020','dd/mm/yyyy'),'KH52','NV06','CN1','Da Thanh Toan');
INSERT INTO HOADON VALUES (1054,to_date('01/09/2020','dd/mm/yyyy'),'KH62','NV01','CN1','Chua Thanh Toan');
INSERT INTO HOADON VALUES (1055,to_date('20/10/2020','dd/mm/yyyy'),'KH61','NV02','CN1','Da Thanh Toan');
INSERT INTO HOADON VALUES (1056,to_date('16/10/2020','dd/mm/yyyy'),'KH61','NV03','CN1','Da Thanh Toan');
INSERT INTO HOADON VALUES (1057,to_date('28/10/2021','dd/mm/yyyy'),'KH53','NV03','CN1','Chua Thanh Toan');
INSERT INTO HOADON VALUES (1058,to_date('28/10/2021','dd/mm/yyyy'),'KH51','NV07','CN1','Huy');
INSERT INTO HOADON VALUES (1059,to_date('28/10/2021','dd/mm/yyyy'),'KH83','NV04','CN1','Chua Thanh Toan');
INSERT INTO HOADON VALUES (1060,to_date('27/07/2020','dd/mm/yyyy'),'KH90','NV01','CN1','Da Thanh Toan');
INSERT INTO HOADON VALUES (1061,to_date('27/07/2020','dd/mm/yyyy'),'KH90','NV01','CN1','Da Thanh Toan');
INSERT INTO HOADON VALUES (1062,to_date('10/08/2020','dd/mm/yyyy'),'KH81','NV02','CN1','Chua Thanh Toan');
INSERT INTO HOADON VALUES (1063,to_date('23/08/2020','dd/mm/yyyy'),'KH82','NV06','CN1','Da Thanh Toan');
INSERT INTO HOADON VALUES (1064,to_date('01/09/2020','dd/mm/yyyy'),'KH92','NV01','CN1','Chua Thanh Toan');
INSERT INTO HOADON VALUES (1065,to_date('20/10/2020','dd/mm/yyyy'),'KH91','NV02','CN1','Da Thanh Toan');
INSERT INTO HOADON VALUES (1066,to_date('16/10/2020','dd/mm/yyyy'),'KH91','NV03','CN1','Da Thanh Toan');
INSERT INTO HOADON VALUES (1067,to_date('28/10/2021','dd/mm/yyyy'),'KH83','NV03','CN1','Chua Thanh Toan');
INSERT INTO HOADON VALUES (1068,to_date('28/10/2021','dd/mm/yyyy'),'KH81','NV07','CN1','Huy');
INSERT INTO HOADON VALUES (1069,to_date('28/10/2021','dd/mm/yyyy'),'KH83','NV04','CN1','Chua Thanh Toan');
INSERT INTO HOADON VALUES (1070,to_date('27/07/2020','dd/mm/yyyy'),'KH50','NV01','CN1','Da Thanh Toan');
INSERT INTO HOADON VALUES (1071,to_date('27/07/2020','dd/mm/yyyy'),'KH40','NV01','CN1','Da Thanh Toan');
INSERT INTO HOADON VALUES (1072,to_date('10/08/2020','dd/mm/yyyy'),'KH51','NV02','CN1','Chua Thanh Toan');
INSERT INTO HOADON VALUES (1073,to_date('23/08/2020','dd/mm/yyyy'),'KH52','NV06','CN1','Da Thanh Toan');
INSERT INTO HOADON VALUES (1074,to_date('01/09/2020','dd/mm/yyyy'),'KH42','NV01','CN1','Chua Thanh Toan');
INSERT INTO HOADON VALUES (1075,to_date('20/10/2020','dd/mm/yyyy'),'KH41','NV02','CN1','Da Thanh Toan');
INSERT INTO HOADON VALUES (1076,to_date('16/10/2020','dd/mm/yyyy'),'KH41','NV03','CN1','Da Thanh Toan');
INSERT INTO HOADON VALUES (1077,to_date('28/10/2021','dd/mm/yyyy'),'KH53','NV03','CN1','Chua Thanh Toan');
INSERT INTO HOADON VALUES (1078,to_date('28/10/2021','dd/mm/yyyy'),'KH51','NV07','CN1','Huy');
INSERT INTO HOADON VALUES (1079,to_date('28/10/2021','dd/mm/yyyy'),'KH83','NV04','CN1','Chua Thanh Toan');
INSERT INTO HOADON VALUES (1080,to_date('27/07/2020','dd/mm/yyyy'),'KH50','NV01','CN1','Da Thanh Toan');
INSERT INTO HOADON VALUES (1081,to_date('27/07/2020','dd/mm/yyyy'),'KH50','NV01','CN1','Da Thanh Toan');
INSERT INTO HOADON VALUES (1082,to_date('10/08/2020','dd/mm/yyyy'),'KH81','NV02','CN1','Chua Thanh Toan');
INSERT INTO HOADON VALUES (1083,to_date('23/08/2020','dd/mm/yyyy'),'KH82','NV06','CN1','Da Thanh Toan');
INSERT INTO HOADON VALUES (1084,to_date('01/09/2020','dd/mm/yyyy'),'KH52','NV01','CN1','Chua Thanh Toan');
INSERT INTO HOADON VALUES (1085,to_date('20/10/2020','dd/mm/yyyy'),'KH51','NV02','CN1','Da Thanh Toan');
INSERT INTO HOADON VALUES (1086,to_date('16/10/2020','dd/mm/yyyy'),'KH51','NV03','CN1','Da Thanh Toan');
INSERT INTO HOADON VALUES (1087,to_date('28/10/2021','dd/mm/yyyy'),'KH83','NV03','CN1','Chua Thanh Toan');
INSERT INTO HOADON VALUES (1088,to_date('28/10/2021','dd/mm/yyyy'),'KH81','NV07','CN1','Huy');
INSERT INTO HOADON VALUES (1089,to_date('28/10/2021','dd/mm/yyyy'),'KH83','NV04','CN1','Chua Thanh Toan');
INSERT INTO HOADON VALUES (1090,to_date('27/07/2020','dd/mm/yyyy'),'KH50','NV01','CN1','Da Thanh Toan');
INSERT INTO HOADON VALUES (1091,to_date('27/07/2020','dd/mm/yyyy'),'KH40','NV01','CN1','Da Thanh Toan');
INSERT INTO HOADON VALUES (1092,to_date('10/08/2020','dd/mm/yyyy'),'KH51','NV02','CN1','Chua Thanh Toan');
INSERT INTO HOADON VALUES (1093,to_date('23/08/2020','dd/mm/yyyy'),'KH52','NV06','CN1','Da Thanh Toan');
INSERT INTO HOADON VALUES (1094,to_date('01/09/2020','dd/mm/yyyy'),'KH42','NV01','CN1','Chua Thanh Toan');
INSERT INTO HOADON VALUES (1095,to_date('20/10/2020','dd/mm/yyyy'),'KH41','NV02','CN1','Da Thanh Toan');
INSERT INTO HOADON VALUES (1096,to_date('16/10/2020','dd/mm/yyyy'),'KH41','NV03','CN1','Da Thanh Toan');
INSERT INTO HOADON VALUES (1097,to_date('28/10/2021','dd/mm/yyyy'),'KH53','NV03','CN1','Chua Thanh Toan');
INSERT INTO HOADON VALUES (1098,to_date('28/10/2021','dd/mm/yyyy'),'KH51','NV07','CN1','Huy');
INSERT INTO HOADON VALUES (1099,to_date('28/10/2021','dd/mm/yyyy'),'KH83','NV04','CN1','Chua Thanh Toan');

INSERT INTO HOADON VALUES (2001,to_date('12/12/2020','dd/mm/yyyy'),'KH06','NV11','CN2','Huy');
INSERT INTO HOADON VALUES (2002,to_date('31/12/2020','dd/mm/yyyy'),'KH03','NV12','CN2','Da Thanh Toan');
INSERT INTO HOADON VALUES (2003,to_date('01/01/2020','dd/mm/yyyy'),'KH16','NV11','CN2','Chua Thanh Toan');
INSERT INTO HOADON VALUES (2004,to_date('01/01/2020','dd/mm/yyyy'),'KH17','NV12','CN2','Da Thanh Toan');
INSERT INTO HOADON VALUES (2005,to_date('02/01/2020','dd/mm/yyyy'),'KH08','NV17','CN2','Da Thanh Toan');
INSERT INTO HOADON VALUES (2006,to_date('13/01/2021','dd/mm/yyyy'),'KH18','NV18','CN2','Da Thanh Toan');
INSERT INTO HOADON VALUES (2007,to_date('13/01/2021','dd/mm/yyyy'),'KH19','NV13','CN2','Chua Thanh Toan');
INSERT INTO HOADON VALUES (2008,to_date('14/01/2021','dd/mm/yyyy'),'KH09','NV14','CN2','Da Thanh Toan');
INSERT INTO HOADON VALUES (2009,to_date('16/01/2021','dd/mm/yyyy'),'KH20','NV13','CN2','Huy');
INSERT INTO HOADON VALUES (2010,to_date('12/12/2020','dd/mm/yyyy'),'KH95','NV11','CN2','Da Thanh Toan');
INSERT INTO HOADON VALUES (2011,to_date('12/12/2020','dd/mm/yyyy'),'KH96','NV11','CN2','Da Thanh Toan');
INSERT INTO HOADON VALUES (2012,to_date('31/12/2020','dd/mm/yyyy'),'KH93','NV12','CN2','Da Thanh Toan');
INSERT INTO HOADON VALUES (2013,to_date('01/01/2020','dd/mm/yyyy'),'KH36','NV11','CN2','Chua Thanh Toan');
INSERT INTO HOADON VALUES (2014,to_date('01/01/2020','dd/mm/yyyy'),'KH31','NV12','CN2','Da Thanh Toan');
INSERT INTO HOADON VALUES (2015,to_date('02/01/2020','dd/mm/yyyy'),'KH93','NV17','CN2','Da Thanh Toan');
INSERT INTO HOADON VALUES (2016,to_date('13/01/2021','dd/mm/yyyy'),'KH36','NV18','CN2','Da Thanh Toan');
INSERT INTO HOADON VALUES (2017,to_date('13/01/2021','dd/mm/yyyy'),'KH37','NV13','CN2','Chua Thanh Toan');
INSERT INTO HOADON VALUES (2018,to_date('14/01/2021','dd/mm/yyyy'),'KH99','NV14','CN2','Da Thanh Toan');
INSERT INTO HOADON VALUES (2019,to_date('16/01/2021','dd/mm/yyyy'),'KH88','NV13','CN2','Da Thanh Toan');
INSERT INTO HOADON VALUES (2020,to_date('12/12/2020','dd/mm/yyyy'),'KH93','NV11','CN2','Da Thanh Toan');
INSERT INTO HOADON VALUES (2021,to_date('12/12/2020','dd/mm/yyyy'),'KH92','NV11','CN2','Da Thanh Toan');
INSERT INTO HOADON VALUES (2022,to_date('31/12/2020','dd/mm/yyyy'),'KH91','NV12','CN2','Da Thanh Toan');
INSERT INTO HOADON VALUES (2023,to_date('01/01/2020','dd/mm/yyyy'),'KH30','NV11','CN2','Chua Thanh Toan');
INSERT INTO HOADON VALUES (2024,to_date('01/01/2020','dd/mm/yyyy'),'KH30','NV12','CN2','Da Thanh Toan');
INSERT INTO HOADON VALUES (2025,to_date('02/01/2020','dd/mm/yyyy'),'KH95','NV17','CN2','Da Thanh Toan');
INSERT INTO HOADON VALUES (2026,to_date('13/01/2021','dd/mm/yyyy'),'KH36','NV18','CN2','Da Thanh Toan');
INSERT INTO HOADON VALUES (2027,to_date('13/01/2021','dd/mm/yyyy'),'KH34','NV13','CN2','Chua Thanh Toan');
INSERT INTO HOADON VALUES (2028,to_date('14/01/2021','dd/mm/yyyy'),'KH93','NV14','CN2','Da Thanh Toan');
INSERT INTO HOADON VALUES (2029,to_date('16/01/2021','dd/mm/yyyy'),'KH80','NV13','CN2','Da Thanh Toan');
INSERT INTO HOADON VALUES (2030,to_date('12/12/2020','dd/mm/yyyy'),'KH65','NV11','CN2','Da Thanh Toan');
INSERT INTO HOADON VALUES (2031,to_date('12/12/2020','dd/mm/yyyy'),'KH66','NV11','CN2','Da Thanh Toan');
INSERT INTO HOADON VALUES (2032,to_date('31/12/2020','dd/mm/yyyy'),'KH63','NV12','CN2','Da Thanh Toan');
INSERT INTO HOADON VALUES (2033,to_date('01/01/2020','dd/mm/yyyy'),'KH16','NV11','CN2','Chua Thanh Toan');
INSERT INTO HOADON VALUES (2034,to_date('01/01/2020','dd/mm/yyyy'),'KH11','NV12','CN2','Da Thanh Toan');
INSERT INTO HOADON VALUES (2035,to_date('02/01/2020','dd/mm/yyyy'),'KH63','NV17','CN2','Da Thanh Toan');
INSERT INTO HOADON VALUES (2036,to_date('13/01/2021','dd/mm/yyyy'),'KH16','NV18','CN2','Da Thanh Toan');
INSERT INTO HOADON VALUES (2037,to_date('13/01/2021','dd/mm/yyyy'),'KH17','NV13','CN2','Chua Thanh Toan');
INSERT INTO HOADON VALUES (2038,to_date('14/01/2021','dd/mm/yyyy'),'KH69','NV14','CN2','Da Thanh Toan');
INSERT INTO HOADON VALUES (2039,to_date('16/01/2021','dd/mm/yyyy'),'KH88','NV13','CN2','Da Thanh Toan');
INSERT INTO HOADON VALUES (2040,to_date('12/12/2020','dd/mm/yyyy'),'KH13','NV11','CN2','Da Thanh Toan');
INSERT INTO HOADON VALUES (2041,to_date('12/12/2020','dd/mm/yyyy'),'KH62','NV11','CN2','Da Thanh Toan');
INSERT INTO HOADON VALUES (2042,to_date('31/12/2020','dd/mm/yyyy'),'KH61','NV12','CN2','Da Thanh Toan');
INSERT INTO HOADON VALUES (2043,to_date('01/01/2020','dd/mm/yyyy'),'KH10','NV11','CN2','Chua Thanh Toan');
INSERT INTO HOADON VALUES (2044,to_date('01/01/2020','dd/mm/yyyy'),'KH10','NV12','CN2','Da Thanh Toan');
INSERT INTO HOADON VALUES (2045,to_date('02/01/2020','dd/mm/yyyy'),'KH65','NV17','CN2','Da Thanh Toan');
INSERT INTO HOADON VALUES (2046,to_date('13/01/2021','dd/mm/yyyy'),'KH16','NV18','CN2','Da Thanh Toan');
INSERT INTO HOADON VALUES (2047,to_date('13/01/2021','dd/mm/yyyy'),'KH14','NV13','CN2','Chua Thanh Toan');
INSERT INTO HOADON VALUES (2048,to_date('14/01/2021','dd/mm/yyyy'),'KH63','NV14','CN2','Da Thanh Toan');
INSERT INTO HOADON VALUES (2049,to_date('16/01/2021','dd/mm/yyyy'),'KH10','NV13','CN2','Da Thanh Toan');
INSERT INTO HOADON VALUES (2050,to_date('12/12/2020','dd/mm/yyyy'),'KH45','NV11','CN2','Da Thanh Toan');
INSERT INTO HOADON VALUES (2051,to_date('12/12/2020','dd/mm/yyyy'),'KH46','NV11','CN2','Da Thanh Toan');
INSERT INTO HOADON VALUES (2052,to_date('31/12/2020','dd/mm/yyyy'),'KH43','NV12','CN2','Da Thanh Toan');
INSERT INTO HOADON VALUES (2053,to_date('01/01/2020','dd/mm/yyyy'),'KH26','NV11','CN2','Chua Thanh Toan');
INSERT INTO HOADON VALUES (2054,to_date('01/01/2020','dd/mm/yyyy'),'KH21','NV12','CN2','Da Thanh Toan');
INSERT INTO HOADON VALUES (2055,to_date('02/01/2020','dd/mm/yyyy'),'KH43','NV17','CN2','Da Thanh Toan');
INSERT INTO HOADON VALUES (2056,to_date('13/01/2021','dd/mm/yyyy'),'KH26','NV18','CN2','Da Thanh Toan');
INSERT INTO HOADON VALUES (2057,to_date('13/01/2021','dd/mm/yyyy'),'KH27','NV13','CN2','Chua Thanh Toan');
INSERT INTO HOADON VALUES (2058,to_date('14/01/2021','dd/mm/yyyy'),'KH49','NV14','CN2','Da Thanh Toan');
INSERT INTO HOADON VALUES (2059,to_date('16/01/2021','dd/mm/yyyy'),'KH28','NV13','CN2','Da Thanh Toan');
INSERT INTO HOADON VALUES (2060,to_date('12/12/2020','dd/mm/yyyy'),'KH23','NV11','CN2','Da Thanh Toan');
INSERT INTO HOADON VALUES (2061,to_date('12/12/2020','dd/mm/yyyy'),'KH42','NV11','CN2','Da Thanh Toan');
INSERT INTO HOADON VALUES (2062,to_date('31/12/2020','dd/mm/yyyy'),'KH41','NV12','CN2','Da Thanh Toan');
INSERT INTO HOADON VALUES (2063,to_date('01/01/2020','dd/mm/yyyy'),'KH20','NV11','CN2','Chua Thanh Toan');
INSERT INTO HOADON VALUES (2064,to_date('01/01/2020','dd/mm/yyyy'),'KH20','NV12','CN2','Da Thanh Toan');
INSERT INTO HOADON VALUES (2065,to_date('02/01/2020','dd/mm/yyyy'),'KH45','NV17','CN2','Da Thanh Toan');
INSERT INTO HOADON VALUES (2066,to_date('13/01/2021','dd/mm/yyyy'),'KH26','NV18','CN2','Da Thanh Toan');
INSERT INTO HOADON VALUES (2067,to_date('13/01/2021','dd/mm/yyyy'),'KH24','NV13','CN2','Chua Thanh Toan');
INSERT INTO HOADON VALUES (2068,to_date('14/01/2021','dd/mm/yyyy'),'KH43','NV14','CN2','Da Thanh Toan');
INSERT INTO HOADON VALUES (2069,to_date('16/01/2021','dd/mm/yyyy'),'KH20','NV13','CN2','Da Thanh Toan');
INSERT INTO HOADON VALUES (2070,to_date('12/12/2020','dd/mm/yyyy'),'KH75','NV11','CN2','Da Thanh Toan');
INSERT INTO HOADON VALUES (2071,to_date('12/12/2020','dd/mm/yyyy'),'KH76','NV11','CN2','Da Thanh Toan');
INSERT INTO HOADON VALUES (2072,to_date('31/12/2020','dd/mm/yyyy'),'KH73','NV12','CN2','Da Thanh Toan');
INSERT INTO HOADON VALUES (2073,to_date('01/01/2020','dd/mm/yyyy'),'KH26','NV11','CN2','Chua Thanh Toan');
INSERT INTO HOADON VALUES (2074,to_date('01/01/2020','dd/mm/yyyy'),'KH21','NV12','CN2','Da Thanh Toan');
INSERT INTO HOADON VALUES (2075,to_date('02/01/2020','dd/mm/yyyy'),'KH73','NV17','CN2','Da Thanh Toan');
INSERT INTO HOADON VALUES (2076,to_date('13/01/2021','dd/mm/yyyy'),'KH26','NV18','CN2','Da Thanh Toan');
INSERT INTO HOADON VALUES (2077,to_date('13/01/2021','dd/mm/yyyy'),'KH27','NV13','CN2','Chua Thanh Toan');
INSERT INTO HOADON VALUES (2078,to_date('14/01/2021','dd/mm/yyyy'),'KH79','NV14','CN2','Da Thanh Toan');
INSERT INTO HOADON VALUES (2079,to_date('16/01/2021','dd/mm/yyyy'),'KH28','NV13','CN2','Da Thanh Toan');
INSERT INTO HOADON VALUES (2080,to_date('12/12/2020','dd/mm/yyyy'),'KH23','NV11','CN2','Da Thanh Toan');
INSERT INTO HOADON VALUES (2081,to_date('12/12/2020','dd/mm/yyyy'),'KH72','NV11','CN2','Da Thanh Toan');
INSERT INTO HOADON VALUES (2082,to_date('31/12/2020','dd/mm/yyyy'),'KH71','NV12','CN2','Da Thanh Toan');
INSERT INTO HOADON VALUES (2083,to_date('01/01/2020','dd/mm/yyyy'),'KH20','NV11','CN2','Chua Thanh Toan');
INSERT INTO HOADON VALUES (2084,to_date('01/01/2020','dd/mm/yyyy'),'KH20','NV12','CN2','Da Thanh Toan');
INSERT INTO HOADON VALUES (2085,to_date('02/01/2020','dd/mm/yyyy'),'KH75','NV17','CN2','Da Thanh Toan');
INSERT INTO HOADON VALUES (2086,to_date('13/01/2021','dd/mm/yyyy'),'KH26','NV18','CN2','Da Thanh Toan');
INSERT INTO HOADON VALUES (2087,to_date('13/01/2021','dd/mm/yyyy'),'KH24','NV13','CN2','Chua Thanh Toan');
INSERT INTO HOADON VALUES (2088,to_date('14/01/2021','dd/mm/yyyy'),'KH73','NV14','CN2','Da Thanh Toan');
INSERT INTO HOADON VALUES (2089,to_date('16/01/2021','dd/mm/yyyy'),'KH20','NV13','CN2','Da Thanh Toan');
INSERT INTO HOADON VALUES (2090,to_date('12/12/2020','dd/mm/yyyy'),'KH23','NV11','CN2','Da Thanh Toan');
INSERT INTO HOADON VALUES (2091,to_date('12/12/2020','dd/mm/yyyy'),'KH72','NV11','CN2','Da Thanh Toan');
INSERT INTO HOADON VALUES (2092,to_date('31/12/2020','dd/mm/yyyy'),'KH71','NV12','CN2','Da Thanh Toan');
INSERT INTO HOADON VALUES (2093,to_date('01/01/2020','dd/mm/yyyy'),'KH20','NV11','CN2','Chua Thanh Toan');
INSERT INTO HOADON VALUES (2094,to_date('01/01/2020','dd/mm/yyyy'),'KH20','NV12','CN2','Da Thanh Toan');
INSERT INTO HOADON VALUES (2095,to_date('02/01/2020','dd/mm/yyyy'),'KH75','NV17','CN2','Da Thanh Toan');
INSERT INTO HOADON VALUES (2096,to_date('13/01/2021','dd/mm/yyyy'),'KH26','NV18','CN2','Da Thanh Toan');
INSERT INTO HOADON VALUES (2097,to_date('13/01/2021','dd/mm/yyyy'),'KH24','NV13','CN2','Chua Thanh Toan');
INSERT INTO HOADON VALUES (2098,to_date('14/01/2021','dd/mm/yyyy'),'KH73','NV14','CN2','Da Thanh Toan');
INSERT INTO HOADON VALUES (2099,to_date('16/01/2021','dd/mm/yyyy'),'KH20','NV13','CN2','Da Thanh Toan');

INSERT INTO CTHD VALUES (1000,'BC01',1,3000);
INSERT INTO CTHD VALUES (1000,'BC02',1,3000);
INSERT INTO CTHD VALUES (1000,'BC03',1,3000);
INSERT INTO CTHD VALUES (1001,'BC01',1,3000);
INSERT INTO CTHD VALUES (1001,'BC02',3,15000);
INSERT INTO CTHD VALUES (1002,'BB01',2,10000);
INSERT INTO CTHD VALUES (1002,'BB03',2,7000);
INSERT INTO CTHD VALUES (1002,'TV04',10,55000);
INSERT INTO CTHD VALUES (1003,'BB02',5,35000);
INSERT INTO CTHD VALUES (1003,'ST04',4,22000);
INSERT INTO CTHD VALUES (1003,'TV02',2,9000);
INSERT INTO CTHD VALUES (1004,'BC03',5,17500);
INSERT INTO CTHD VALUES (1004,'ST07',4,28000);
INSERT INTO CTHD VALUES (1005,'TV05',2,46000);
INSERT INTO CTHD VALUES (1006,'ST01',8,320000);
INSERT INTO CTHD VALUES (1007,'ST02',3,165000);
INSERT INTO CTHD VALUES (1007,'TV05',10,230000);
INSERT INTO CTHD VALUES (1007,'ST07',5,35000);
INSERT INTO CTHD VALUES (1008,'ST03',1,51000);
INSERT INTO CTHD VALUES (1008,'ST06',5,300000);
INSERT INTO CTHD VALUES (1009,'ST02',2,110000);
INSERT INTO CTHD VALUES (1009,'ST06',4,20000);
INSERT INTO CTHD VALUES (1009,'TV04',20,110000);
INSERT INTO CTHD VALUES (1010,'BC11',1,3000);
INSERT INTO CTHD VALUES (1010,'BC12',1,3000);
INSERT INTO CTHD VALUES (1010,'BC13',1,3000);
INSERT INTO CTHD VALUES (1011,'BC11',1,3000);
INSERT INTO CTHD VALUES (1011,'BC12',3,15000);
INSERT INTO CTHD VALUES (1012,'BB11',2,10000);
INSERT INTO CTHD VALUES (1012,'BB13',2,7000);
INSERT INTO CTHD VALUES (1012,'TV14',10,55000);
INSERT INTO CTHD VALUES (1013,'BB12',5,35000);
INSERT INTO CTHD VALUES (1013,'ST14',4,22000);
INSERT INTO CTHD VALUES (1013,'TV12',2,9000);
INSERT INTO CTHD VALUES (1014,'BC13',5,17500);
INSERT INTO CTHD VALUES (1014,'ST17',4,28000);
INSERT INTO CTHD VALUES (1015,'TV15',2,46000);
INSERT INTO CTHD VALUES (1016,'ST11',8,320000);
INSERT INTO CTHD VALUES (1017,'ST12',3,165000);
INSERT INTO CTHD VALUES (1017,'TV15',10,230000);
INSERT INTO CTHD VALUES (1017,'ST17',5,35000);
INSERT INTO CTHD VALUES (1018,'ST13',1,51000);
INSERT INTO CTHD VALUES (1018,'ST16',5,300000);
INSERT INTO CTHD VALUES (1019,'ST12',2,110000);
INSERT INTO CTHD VALUES (1019,'ST16',4,20000);
INSERT INTO CTHD VALUES (1019,'TV14',20,110000);
INSERT INTO CTHD VALUES (1020,'BC21',1,3000);
INSERT INTO CTHD VALUES (1020,'BC22',1,3000);
INSERT INTO CTHD VALUES (1020,'BC23',1,3000);
INSERT INTO CTHD VALUES (1021,'BC21',1,3000);
INSERT INTO CTHD VALUES (1021,'BC22',3,15000);
INSERT INTO CTHD VALUES (1022,'BB21',2,10000);
INSERT INTO CTHD VALUES (1022,'BB23',2,7000);
INSERT INTO CTHD VALUES (1022,'TV24',10,55000);
INSERT INTO CTHD VALUES (1023,'BB22',5,35000);
INSERT INTO CTHD VALUES (1023,'ST24',4,22000);
INSERT INTO CTHD VALUES (1023,'TV22',2,9000);
INSERT INTO CTHD VALUES (1024,'BC23',5,17500);
INSERT INTO CTHD VALUES (1024,'ST27',4,28000);
INSERT INTO CTHD VALUES (1025,'TV25',2,46000);
INSERT INTO CTHD VALUES (1026,'ST21',8,320000);
INSERT INTO CTHD VALUES (1027,'ST22',3,165000);
INSERT INTO CTHD VALUES (1027,'TV25',10,230000);
INSERT INTO CTHD VALUES (1027,'ST27',5,35000);
INSERT INTO CTHD VALUES (1028,'ST23',1,51000);
INSERT INTO CTHD VALUES (1028,'ST26',5,300000);
INSERT INTO CTHD VALUES (1029,'ST22',2,110000);
INSERT INTO CTHD VALUES (1029,'ST26',4,20000);
INSERT INTO CTHD VALUES (1029,'TV24',20,110000);
INSERT INTO CTHD VALUES (1030,'BC41',1,3000);
INSERT INTO CTHD VALUES (1030,'BC42',1,3000);
INSERT INTO CTHD VALUES (1030,'BC43',1,3000);
INSERT INTO CTHD VALUES (1031,'BC41',1,3000);
INSERT INTO CTHD VALUES (1031,'BC42',3,15000);
INSERT INTO CTHD VALUES (1032,'BB41',2,10000);
INSERT INTO CTHD VALUES (1032,'BB43',2,7000);
INSERT INTO CTHD VALUES (1032,'TV44',10,55000);
INSERT INTO CTHD VALUES (1033,'BB42',5,35000);
INSERT INTO CTHD VALUES (1033,'ST44',4,22000);
INSERT INTO CTHD VALUES (1033,'TV42',2,9000);
INSERT INTO CTHD VALUES (1034,'BC43',5,17500);
INSERT INTO CTHD VALUES (1034,'ST47',4,28000);
INSERT INTO CTHD VALUES (1035,'TV45',2,46000);
INSERT INTO CTHD VALUES (1036,'ST41',8,320000);
INSERT INTO CTHD VALUES (1037,'ST42',3,165000);
INSERT INTO CTHD VALUES (1037,'TV45',10,230000);
INSERT INTO CTHD VALUES (1037,'ST47',5,35000);
INSERT INTO CTHD VALUES (1038,'ST43',1,51000);
INSERT INTO CTHD VALUES (1038,'ST46',5,300000);
INSERT INTO CTHD VALUES (1039,'ST42',2,110000);
INSERT INTO CTHD VALUES (1039,'ST46',4,20000);
INSERT INTO CTHD VALUES (1039,'TV44',20,110000);
INSERT INTO CTHD VALUES (1040,'BC21',1,3000);
INSERT INTO CTHD VALUES (1040,'BC22',1,3000);
INSERT INTO CTHD VALUES (1040,'BC23',1,3000);
INSERT INTO CTHD VALUES (1041,'BC24',1,3000);
INSERT INTO CTHD VALUES (1041,'BC25',3,15000);
INSERT INTO CTHD VALUES (1042,'BB26',2,10000);
INSERT INTO CTHD VALUES (1042,'BB27',2,7000);
INSERT INTO CTHD VALUES (1042,'TV28',10,55000);
INSERT INTO CTHD VALUES (1043,'BB29',5,35000);
INSERT INTO CTHD VALUES (1043,'ST21',4,22000);
INSERT INTO CTHD VALUES (1043,'TV22',2,9000);
INSERT INTO CTHD VALUES (1044,'BC23',5,17500);
INSERT INTO CTHD VALUES (1044,'ST24',4,28000);
INSERT INTO CTHD VALUES (1045,'TV25',2,46000);
INSERT INTO CTHD VALUES (1046,'ST26',8,320000);
INSERT INTO CTHD VALUES (1047,'ST27',3,165000);
INSERT INTO CTHD VALUES (1047,'TV28',10,230000);
INSERT INTO CTHD VALUES (1047,'ST29',5,35000);
INSERT INTO CTHD VALUES (1048,'ST20',1,51000);
INSERT INTO CTHD VALUES (1048,'ST21',5,300000);
INSERT INTO CTHD VALUES (1049,'ST22',2,110000);
INSERT INTO CTHD VALUES (1049,'ST24',4,20000);
INSERT INTO CTHD VALUES (1049,'TV25',20,110000);
INSERT INTO CTHD VALUES (1050,'BC41',1,3000);
INSERT INTO CTHD VALUES (1050,'BC42',1,3000);
INSERT INTO CTHD VALUES (1050,'BC43',1,3000);
INSERT INTO CTHD VALUES (1051,'BC41',1,3000);
INSERT INTO CTHD VALUES (1051,'BC42',3,15000);
INSERT INTO CTHD VALUES (1052,'BB41',2,10000);
INSERT INTO CTHD VALUES (1052,'BB43',2,7000);
INSERT INTO CTHD VALUES (1052,'TV44',10,55000);
INSERT INTO CTHD VALUES (1053,'BB42',5,35000);
INSERT INTO CTHD VALUES (1053,'ST44',4,22000);
INSERT INTO CTHD VALUES (1053,'TV42',2,9000);
INSERT INTO CTHD VALUES (1054,'BC43',5,17500);
INSERT INTO CTHD VALUES (1054,'ST47',4,28000);
INSERT INTO CTHD VALUES (1055,'TV45',2,46000);
INSERT INTO CTHD VALUES (1056,'ST41',8,320000);
INSERT INTO CTHD VALUES (1057,'ST42',3,165000);
INSERT INTO CTHD VALUES (1057,'TV45',10,230000);
INSERT INTO CTHD VALUES (1057,'ST47',5,35000);
INSERT INTO CTHD VALUES (1058,'ST43',1,51000);
INSERT INTO CTHD VALUES (1058,'ST46',5,300000);
INSERT INTO CTHD VALUES (1059,'ST42',2,110000);
INSERT INTO CTHD VALUES (1059,'ST46',4,20000);
INSERT INTO CTHD VALUES (1059,'TV44',20,110000);
INSERT INTO CTHD VALUES (1060,'BC01',1,3000);
INSERT INTO CTHD VALUES (1060,'BC02',1,3000);
INSERT INTO CTHD VALUES (1060,'BC03',1,3000);
INSERT INTO CTHD VALUES (1061,'BC01',1,3000);
INSERT INTO CTHD VALUES (1061,'BC02',3,15000);
INSERT INTO CTHD VALUES (1062,'BB01',2,10000);
INSERT INTO CTHD VALUES (1062,'BB03',2,7000);
INSERT INTO CTHD VALUES (1062,'TV04',10,55000);
INSERT INTO CTHD VALUES (1063,'BB02',5,35000);
INSERT INTO CTHD VALUES (1063,'ST04',4,22000);
INSERT INTO CTHD VALUES (1063,'TV02',2,9000);
INSERT INTO CTHD VALUES (1064,'BC03',5,17500);
INSERT INTO CTHD VALUES (1064,'ST07',4,28000);
INSERT INTO CTHD VALUES (1065,'TV05',2,46000);
INSERT INTO CTHD VALUES (1066,'ST01',8,320000);
INSERT INTO CTHD VALUES (1067,'ST02',3,165000);
INSERT INTO CTHD VALUES (1067,'TV05',10,230000);
INSERT INTO CTHD VALUES (1067,'ST07',5,35000);
INSERT INTO CTHD VALUES (1068,'ST03',1,51000);
INSERT INTO CTHD VALUES (1068,'ST06',5,300000);
INSERT INTO CTHD VALUES (1069,'ST02',2,110000);
INSERT INTO CTHD VALUES (1069,'ST06',4,20000);
INSERT INTO CTHD VALUES (1069,'TV04',20,110000);
INSERT INTO CTHD VALUES (1070,'BC21',1,3000);
INSERT INTO CTHD VALUES (1070,'BC22',1,3000);
INSERT INTO CTHD VALUES (1070,'BC23',1,3000);
INSERT INTO CTHD VALUES (1071,'BC21',1,3000);
INSERT INTO CTHD VALUES (1071,'BC22',3,15000);
INSERT INTO CTHD VALUES (1072,'BB21',2,10000);
INSERT INTO CTHD VALUES (1072,'BB23',2,7000);
INSERT INTO CTHD VALUES (1072,'TV24',10,55000);
INSERT INTO CTHD VALUES (1073,'BB22',5,35000);
INSERT INTO CTHD VALUES (1073,'ST24',4,22000);
INSERT INTO CTHD VALUES (1073,'TV22',2,9000);
INSERT INTO CTHD VALUES (1074,'BC23',5,17500);
INSERT INTO CTHD VALUES (1074,'ST27',4,28000);
INSERT INTO CTHD VALUES (1075,'TV25',2,46000);
INSERT INTO CTHD VALUES (1076,'ST21',8,320000);
INSERT INTO CTHD VALUES (1077,'ST22',3,165000);
INSERT INTO CTHD VALUES (1077,'TV25',10,230000);
INSERT INTO CTHD VALUES (1077,'ST27',5,35000);
INSERT INTO CTHD VALUES (1078,'ST23',1,51000);
INSERT INTO CTHD VALUES (1078,'ST26',5,300000);
INSERT INTO CTHD VALUES (1079,'ST22',2,110000);
INSERT INTO CTHD VALUES (1079,'ST26',4,20000);
INSERT INTO CTHD VALUES (1079,'TV24',20,110000);
INSERT INTO CTHD VALUES (1080,'BC11',1,3000);
INSERT INTO CTHD VALUES (1080,'BC12',1,3000);
INSERT INTO CTHD VALUES (1080,'BC13',1,3000);
INSERT INTO CTHD VALUES (1081,'BC11',1,3000);
INSERT INTO CTHD VALUES (1081,'BC12',3,15000);
INSERT INTO CTHD VALUES (1082,'BB11',2,10000);
INSERT INTO CTHD VALUES (1082,'BB13',2,7000);
INSERT INTO CTHD VALUES (1082,'TV14',10,55000);
INSERT INTO CTHD VALUES (1083,'BB12',5,35000);
INSERT INTO CTHD VALUES (1083,'ST14',4,22000);
INSERT INTO CTHD VALUES (1083,'TV12',2,9000);
INSERT INTO CTHD VALUES (1084,'BC13',5,17500);
INSERT INTO CTHD VALUES (1084,'ST17',4,28000);
INSERT INTO CTHD VALUES (1085,'TV15',2,46000);
INSERT INTO CTHD VALUES (1086,'ST11',8,320000);
INSERT INTO CTHD VALUES (1087,'ST12',3,165000);
INSERT INTO CTHD VALUES (1087,'TV15',10,230000);
INSERT INTO CTHD VALUES (1087,'ST17',5,35000);
INSERT INTO CTHD VALUES (1088,'ST13',1,51000);
INSERT INTO CTHD VALUES (1088,'ST16',5,300000);
INSERT INTO CTHD VALUES (1089,'ST12',2,110000);
INSERT INTO CTHD VALUES (1089,'ST16',4,20000);
INSERT INTO CTHD VALUES (1089,'TV14',20,110000);
INSERT INTO CTHD VALUES (1090,'BC31',1,3000);
INSERT INTO CTHD VALUES (1090,'BC32',1,3000);
INSERT INTO CTHD VALUES (1090,'BC33',1,3000);
INSERT INTO CTHD VALUES (1091,'BC31',1,3000);
INSERT INTO CTHD VALUES (1091,'BC32',3,15000);
INSERT INTO CTHD VALUES (1092,'BB31',2,10000);
INSERT INTO CTHD VALUES (1092,'BB33',2,7000);
INSERT INTO CTHD VALUES (1092,'TV34',10,55000);
INSERT INTO CTHD VALUES (1093,'BB32',5,35000);
INSERT INTO CTHD VALUES (1093,'ST34',4,22000);
INSERT INTO CTHD VALUES (1093,'TV32',2,9000);
INSERT INTO CTHD VALUES (1094,'BC33',5,17500);
INSERT INTO CTHD VALUES (1094,'ST37',4,28000);
INSERT INTO CTHD VALUES (1095,'TV35',2,46000);
INSERT INTO CTHD VALUES (1096,'ST31',8,320000);
INSERT INTO CTHD VALUES (1097,'ST32',3,165000);
INSERT INTO CTHD VALUES (1097,'TV35',10,230000);
INSERT INTO CTHD VALUES (1097,'ST37',5,35000);
INSERT INTO CTHD VALUES (1098,'ST33',1,51000);
INSERT INTO CTHD VALUES (1098,'ST36',5,300000);
INSERT INTO CTHD VALUES (1099,'ST32',2,110000);
INSERT INTO CTHD VALUES (1099,'ST36',4,20000);
INSERT INTO CTHD VALUES (1099,'TV34',20,110000);

INSERT INTO CTHD VALUES (2000,'BC01',1,3000);
INSERT INTO CTHD VALUES (2000,'BC02',1,3000);
INSERT INTO CTHD VALUES (2000,'BC03',1,3000);
INSERT INTO CTHD VALUES (2001,'BC01',1,3000);
INSERT INTO CTHD VALUES (2001,'BC02',3,15000);
INSERT INTO CTHD VALUES (2002,'BB01',2,10000);
INSERT INTO CTHD VALUES (2002,'BB03',2,7000);
INSERT INTO CTHD VALUES (2002,'TV04',10,55000);
INSERT INTO CTHD VALUES (2003,'BB02',5,35000);
INSERT INTO CTHD VALUES (2003,'ST14',4,22000);
INSERT INTO CTHD VALUES (2003,'TV02',2,9000);
INSERT INTO CTHD VALUES (2004,'BC03',5,17500);
INSERT INTO CTHD VALUES (2004,'ST17',4,28000);
INSERT INTO CTHD VALUES (2005,'TV05',2,46000);
INSERT INTO CTHD VALUES (2006,'ST11',8,320000);
INSERT INTO CTHD VALUES (2007,'ST12',3,165000);
INSERT INTO CTHD VALUES (2007,'TV05',10,230000);
INSERT INTO CTHD VALUES (2007,'ST17',5,35000);
INSERT INTO CTHD VALUES (2008,'ST13',1,51000);
INSERT INTO CTHD VALUES (2008,'ST16',5,300000);
INSERT INTO CTHD VALUES (2009,'ST12',2,110000);
INSERT INTO CTHD VALUES (2009,'ST16',4,20000);
INSERT INTO CTHD VALUES (2009,'TV04',20,110000);
INSERT INTO CTHD VALUES (2010,'BC11',1,3000);
INSERT INTO CTHD VALUES (2010,'BC12',1,3000);
INSERT INTO CTHD VALUES (2010,'BC13',1,3000);
INSERT INTO CTHD VALUES (2011,'BC11',1,3000);
INSERT INTO CTHD VALUES (2011,'BC12',3,15000);
INSERT INTO CTHD VALUES (2012,'BB11',2,10000);
INSERT INTO CTHD VALUES (2012,'BB13',2,7000);
INSERT INTO CTHD VALUES (2012,'TV14',10,55000);
INSERT INTO CTHD VALUES (2013,'BB12',5,35000);
INSERT INTO CTHD VALUES (2013,'ST14',4,22000);
INSERT INTO CTHD VALUES (2013,'TV12',2,9000);
INSERT INTO CTHD VALUES (2014,'BC13',5,17500);
INSERT INTO CTHD VALUES (2014,'ST17',4,28000);
INSERT INTO CTHD VALUES (2015,'TV15',2,46000);
INSERT INTO CTHD VALUES (2016,'ST11',8,320000);
INSERT INTO CTHD VALUES (2017,'ST12',3,165000);
INSERT INTO CTHD VALUES (2017,'TV15',10,230000);
INSERT INTO CTHD VALUES (2017,'ST17',5,35000);
INSERT INTO CTHD VALUES (2018,'ST13',1,51000);
INSERT INTO CTHD VALUES (2018,'ST16',5,300000);
INSERT INTO CTHD VALUES (2019,'ST12',2,110000);
INSERT INTO CTHD VALUES (2019,'ST16',4,20000);
INSERT INTO CTHD VALUES (2019,'TV14',20,110000);
INSERT INTO CTHD VALUES (2020,'BC01',1,3000);
INSERT INTO CTHD VALUES (2020,'BC02',1,3000);
INSERT INTO CTHD VALUES (2020,'BC03',1,3000);
INSERT INTO CTHD VALUES (2021,'BC01',1,3000);
INSERT INTO CTHD VALUES (2021,'BC02',3,15000);
INSERT INTO CTHD VALUES (2022,'BB21',2,10000);
INSERT INTO CTHD VALUES (2022,'BB23',2,7000);
INSERT INTO CTHD VALUES (2022,'TV24',10,55000);
INSERT INTO CTHD VALUES (2023,'BB22',5,35000);
INSERT INTO CTHD VALUES (2023,'ST24',4,22000);
INSERT INTO CTHD VALUES (2023,'TV22',2,9000);
INSERT INTO CTHD VALUES (2024,'BC03',5,17500);
INSERT INTO CTHD VALUES (2024,'ST27',4,28000);
INSERT INTO CTHD VALUES (2025,'TV25',2,46000);
INSERT INTO CTHD VALUES (2026,'ST21',8,320000);
INSERT INTO CTHD VALUES (2027,'ST22',3,165000);
INSERT INTO CTHD VALUES (2027,'TV25',10,230000);
INSERT INTO CTHD VALUES (2027,'ST27',5,35000);
INSERT INTO CTHD VALUES (2028,'ST23',1,51000);
INSERT INTO CTHD VALUES (2028,'ST26',5,300000);
INSERT INTO CTHD VALUES (2029,'ST22',2,110000);
INSERT INTO CTHD VALUES (2029,'ST26',4,20000);
INSERT INTO CTHD VALUES (2029,'TV24',20,110000);
INSERT INTO CTHD VALUES (2030,'BC41',1,3000);
INSERT INTO CTHD VALUES (2030,'BC42',1,3000);
INSERT INTO CTHD VALUES (2030,'BC43',1,3000);
INSERT INTO CTHD VALUES (2031,'BC41',1,3000);
INSERT INTO CTHD VALUES (2031,'BC42',3,15000);
INSERT INTO CTHD VALUES (2032,'BB41',2,10000);
INSERT INTO CTHD VALUES (2032,'BB43',2,7000);
INSERT INTO CTHD VALUES (2032,'TV14',10,55000);
INSERT INTO CTHD VALUES (2033,'BB42',5,35000);
INSERT INTO CTHD VALUES (2033,'ST44',4,22000);
INSERT INTO CTHD VALUES (2033,'TV12',2,9000);
INSERT INTO CTHD VALUES (2034,'BC43',5,17500);
INSERT INTO CTHD VALUES (2034,'ST47',4,28000);
INSERT INTO CTHD VALUES (2035,'TV15',2,46000);
INSERT INTO CTHD VALUES (2036,'ST41',8,320000);
INSERT INTO CTHD VALUES (2037,'ST42',3,165000);
INSERT INTO CTHD VALUES (2037,'TV15',10,230000);
INSERT INTO CTHD VALUES (2037,'ST47',5,35000);
INSERT INTO CTHD VALUES (2038,'ST43',1,51000);
INSERT INTO CTHD VALUES (2038,'ST46',5,300000);
INSERT INTO CTHD VALUES (2039,'ST42',2,110000);
INSERT INTO CTHD VALUES (2039,'ST46',4,20000);
INSERT INTO CTHD VALUES (2039,'TV14',20,110000);
INSERT INTO CTHD VALUES (2040,'BC01',1,3000);
INSERT INTO CTHD VALUES (2040,'BC02',1,3000);
INSERT INTO CTHD VALUES (2040,'BC03',1,3000);
INSERT INTO CTHD VALUES (2041,'BC04',1,3000);
INSERT INTO CTHD VALUES (2041,'BC05',3,15000);
INSERT INTO CTHD VALUES (2042,'BB26',2,10000);
INSERT INTO CTHD VALUES (2042,'BB27',2,7000);
INSERT INTO CTHD VALUES (2042,'TV28',10,55000);
INSERT INTO CTHD VALUES (2043,'BB29',5,35000);
INSERT INTO CTHD VALUES (2043,'ST21',4,22000);
INSERT INTO CTHD VALUES (2043,'TV22',2,9000);
INSERT INTO CTHD VALUES (2044,'BC03',5,17500);
INSERT INTO CTHD VALUES (2044,'ST24',4,28000);
INSERT INTO CTHD VALUES (2045,'TV25',2,46000);
INSERT INTO CTHD VALUES (2046,'ST26',8,320000);
INSERT INTO CTHD VALUES (2047,'ST27',3,165000);
INSERT INTO CTHD VALUES (2047,'TV28',10,230000);
INSERT INTO CTHD VALUES (2047,'ST29',5,35000);
INSERT INTO CTHD VALUES (2048,'ST20',1,51000);
INSERT INTO CTHD VALUES (2048,'ST21',5,300000);
INSERT INTO CTHD VALUES (2049,'ST22',2,110000);
INSERT INTO CTHD VALUES (2049,'ST24',4,20000);
INSERT INTO CTHD VALUES (2049,'TV25',20,110000);
INSERT INTO CTHD VALUES (2050,'BC41',1,3000);
INSERT INTO CTHD VALUES (2050,'BC42',1,3000);
INSERT INTO CTHD VALUES (2050,'BC43',1,3000);
INSERT INTO CTHD VALUES (2051,'BC41',1,3000);
INSERT INTO CTHD VALUES (2051,'BC42',3,15000);
INSERT INTO CTHD VALUES (2052,'BB41',2,10000);
INSERT INTO CTHD VALUES (2052,'BB43',2,7000);
INSERT INTO CTHD VALUES (2052,'TV14',10,55000);
INSERT INTO CTHD VALUES (2053,'BB42',5,35000);
INSERT INTO CTHD VALUES (2053,'ST44',4,22000);
INSERT INTO CTHD VALUES (2053,'TV12',2,9000);
INSERT INTO CTHD VALUES (2054,'BC43',5,17500);
INSERT INTO CTHD VALUES (2054,'ST47',4,28000);
INSERT INTO CTHD VALUES (2055,'TV15',2,46000);
INSERT INTO CTHD VALUES (2056,'ST41',8,320000);
INSERT INTO CTHD VALUES (2057,'ST42',3,165000);
INSERT INTO CTHD VALUES (2057,'TV15',10,230000);
INSERT INTO CTHD VALUES (2057,'ST47',5,35000);
INSERT INTO CTHD VALUES (2058,'ST43',1,51000);
INSERT INTO CTHD VALUES (2058,'ST46',5,300000);
INSERT INTO CTHD VALUES (2059,'ST42',2,110000);
INSERT INTO CTHD VALUES (2059,'ST46',4,20000);
INSERT INTO CTHD VALUES (2059,'TV14',20,110000);
INSERT INTO CTHD VALUES (2060,'BC01',1,3000);
INSERT INTO CTHD VALUES (2060,'BC02',1,3000);
INSERT INTO CTHD VALUES (2060,'BC03',1,3000);
INSERT INTO CTHD VALUES (2061,'BC01',1,3000);
INSERT INTO CTHD VALUES (2061,'BC02',3,15000);
INSERT INTO CTHD VALUES (2062,'BB01',2,10000);
INSERT INTO CTHD VALUES (2062,'BB03',2,7000);
INSERT INTO CTHD VALUES (2062,'TV04',10,55000);
INSERT INTO CTHD VALUES (2063,'BB02',5,35000);
INSERT INTO CTHD VALUES (2063,'ST14',4,22000);
INSERT INTO CTHD VALUES (2063,'TV02',2,9000);
INSERT INTO CTHD VALUES (2064,'BC03',5,17500);
INSERT INTO CTHD VALUES (2064,'ST17',4,28000);
INSERT INTO CTHD VALUES (2065,'TV05',2,46000);
INSERT INTO CTHD VALUES (2066,'ST11',8,320000);
INSERT INTO CTHD VALUES (2067,'ST12',3,165000);
INSERT INTO CTHD VALUES (2067,'TV05',10,230000);
INSERT INTO CTHD VALUES (2067,'ST17',5,35000);
INSERT INTO CTHD VALUES (2068,'ST13',1,51000);
INSERT INTO CTHD VALUES (2068,'ST16',5,300000);
INSERT INTO CTHD VALUES (2069,'ST12',2,110000);
INSERT INTO CTHD VALUES (2069,'ST16',4,20000);
INSERT INTO CTHD VALUES (2069,'TV04',20,110000);
INSERT INTO CTHD VALUES (2070,'BC01',1,3000);
INSERT INTO CTHD VALUES (2070,'BC02',1,3000);
INSERT INTO CTHD VALUES (2070,'BC03',1,3000);
INSERT INTO CTHD VALUES (2071,'BC01',1,3000);
INSERT INTO CTHD VALUES (2071,'BC02',3,15000);
INSERT INTO CTHD VALUES (2072,'BB21',2,10000);
INSERT INTO CTHD VALUES (2072,'BB23',2,7000);
INSERT INTO CTHD VALUES (2072,'TV24',10,55000);
INSERT INTO CTHD VALUES (2073,'BB22',5,35000);
INSERT INTO CTHD VALUES (2073,'ST24',4,22000);
INSERT INTO CTHD VALUES (2073,'TV22',2,9000);
INSERT INTO CTHD VALUES (2074,'BC03',5,17500);
INSERT INTO CTHD VALUES (2074,'ST27',4,28000);
INSERT INTO CTHD VALUES (2075,'TV25',2,46000);
INSERT INTO CTHD VALUES (2076,'ST21',8,320000);
INSERT INTO CTHD VALUES (2077,'ST22',3,165000);
INSERT INTO CTHD VALUES (2077,'TV25',10,230000);
INSERT INTO CTHD VALUES (2077,'ST27',5,35000);
INSERT INTO CTHD VALUES (2078,'ST23',1,51000);
INSERT INTO CTHD VALUES (2078,'ST26',5,300000);
INSERT INTO CTHD VALUES (2079,'ST22',2,110000);
INSERT INTO CTHD VALUES (2079,'ST26',4,20000);
INSERT INTO CTHD VALUES (2079,'TV24',20,110000);
INSERT INTO CTHD VALUES (2080,'BC11',1,3000);
INSERT INTO CTHD VALUES (2080,'BC12',1,3000);
INSERT INTO CTHD VALUES (2080,'BC13',1,3000);
INSERT INTO CTHD VALUES (2081,'BC11',1,3000);
INSERT INTO CTHD VALUES (2081,'BC12',3,15000);
INSERT INTO CTHD VALUES (2082,'BB11',2,10000);
INSERT INTO CTHD VALUES (2082,'BB13',2,7000);
INSERT INTO CTHD VALUES (2082,'TV14',10,55000);
INSERT INTO CTHD VALUES (2083,'BB12',5,35000);
INSERT INTO CTHD VALUES (2083,'ST14',4,22000);
INSERT INTO CTHD VALUES (2083,'TV12',2,9000);
INSERT INTO CTHD VALUES (2084,'BC13',5,17500);
INSERT INTO CTHD VALUES (2084,'ST17',4,28000);
INSERT INTO CTHD VALUES (2085,'TV15',2,46000);
INSERT INTO CTHD VALUES (2086,'ST11',8,320000);
INSERT INTO CTHD VALUES (2087,'ST12',3,165000);
INSERT INTO CTHD VALUES (2087,'TV15',10,230000);
INSERT INTO CTHD VALUES (2087,'ST17',5,35000);
INSERT INTO CTHD VALUES (2088,'ST13',1,51000);
INSERT INTO CTHD VALUES (2088,'ST16',5,300000);
INSERT INTO CTHD VALUES (2089,'ST12',2,110000);
INSERT INTO CTHD VALUES (2089,'ST16',4,20000);
INSERT INTO CTHD VALUES (2089,'TV14',20,110000);
INSERT INTO CTHD VALUES (2090,'BC31',1,3000);
INSERT INTO CTHD VALUES (2090,'BC32',1,3000);
INSERT INTO CTHD VALUES (2090,'BC33',1,3000);
INSERT INTO CTHD VALUES (2091,'BC31',1,3000);
INSERT INTO CTHD VALUES (2091,'BC32',3,15000);
INSERT INTO CTHD VALUES (2092,'BB31',2,10000);
INSERT INTO CTHD VALUES (2092,'BB33',2,7000);
INSERT INTO CTHD VALUES (2092,'TV34',10,55000);
INSERT INTO CTHD VALUES (2093,'BB32',5,35000);
INSERT INTO CTHD VALUES (2093,'ST34',4,22000);
INSERT INTO CTHD VALUES (2093,'TV32',2,9000);
INSERT INTO CTHD VALUES (2094,'BC33',5,17500);
INSERT INTO CTHD VALUES (2094,'ST37',4,28000);
INSERT INTO CTHD VALUES (2095,'TV35',2,46000);
INSERT INTO CTHD VALUES (2096,'ST31',8,320000);
INSERT INTO CTHD VALUES (2097,'ST32',3,165000);
INSERT INTO CTHD VALUES (2097,'TV35',10,230000);
INSERT INTO CTHD VALUES (2097,'ST37',5,35000);
INSERT INTO CTHD VALUES (2098,'ST33',1,51000);
INSERT INTO CTHD VALUES (2098,'ST36',5,300000);
INSERT INTO CTHD VALUES (2099,'ST32',2,110000);
INSERT INTO CTHD VALUES (2099,'ST36',4,20000);
INSERT INTO CTHD VALUES (2099,'TV34',20,110000);

commit;
alter system flush shared_pool;
alter system flush buffer_cache;
commit;


-- MA KHACH HANG, TEN KHACH HANG, SO DIEN THOAI CO NAM SINH 1960 DA MUA SAN PHAM SAN XUAT TAI 'VIETNAM' NAM 2020 TAI CHI NHANH 1 VA MASP, TEN SP TUONG UNG
SELECT /*+ GATHER_PLAN_STATISTICS */ KH.MAKH, HOTEN, SODT , SP.MASP, TENSP
FROM KHACHHANG KH, SANPHAM SP, HOADON HD, CTHD, CHINHANH CN
WHERE HD.MAKH = KH.MAKH
AND HD.SOHD = CTHD.SOHD
AND CTHD.MASP = SP.MASP
AND CN.MACHINHANH = HD.MACHINHANH
AND extract(year from NGSINH) = 1960
AND extract(year from NGHD) = 2020
AND NUOCSX = 'VIETNAM'
AND HD.MACHINHANH = 'CN1'
ORDER BY KH.MAKH;

SELECT *
FROM table(DBMS_XPLAN.DISPLAY_CURSOR(FORMAT=>'ALLSTATS LAST ALL +OUTLINE'));


SELECT /*+ GATHER_PLAN_STATISTICS */ A1.MAKH, HOTEN, SODT, MASP, TENSP
FROM (
	(SELECT MAKH, MASP, TENSP
	FROM (
		(SELECT SOHD, SP.MASP, TENSP
		FROM (
			(SELECT MASP, TENSP
			FROM SANPHAM
			WHERE NUOCSX='VIETNAM'
			) SP
			INNER JOIN
			(SELECT SOHD, MASP
			FROM CTHD
			) CTHD
			ON SP.MASP = CTHD.MASP
		)
		) B1
		INNER JOIN
		(SELECT SOHD, MAKH
		FROM (
			(SELECT MACHINHANH
			FROM CHINHANH
			WHERE MACHINHANH = 'CN1'
			) CN
			INNER JOIN
			(SELECT SOHD, MACHINHANH, MAKH
			FROM HOADON
			WHERE extract(year from NGHD) = 2020
			) HD
			ON CN.MACHINHANH = HD.MACHINHANH
		)
		) B2
		ON B1.SOHD = B2.SOHD
	)
	) A1
	INNER JOIN
	(SELECT MAKH, HOTEN, SODT
	FROM KHACHHANG
	WHERE extract(year from NGSINH) = 1960
	) A2
	ON A1.MAKH = A2.MAKH
)
ORDER BY A1.MAKH;

SELECT *
FROM table(DBMS_XPLAN.DISPLAY_CURSOR(FORMAT=>'ALLSTATS LAST ALL +OUTLINE'));